id,domain,status,purchase_price,renewal_price,attractiveness,demand,length,registrar,created_at,expires_at,status_verified_at
f4b1f8d5-cd56-4589-a563-e0dc648989f7,mining.dental,available,78.99,78.99,high,low,6,namesilo,,,30/09/2026 04:33
7f05459d-c82c-477f-8e2e-4dbd0b2db86b,mining.luxury,available,26,26,high,low,6,spaceship,,,30/09/2026 04:33
778ad6c7-9b66-43aa-bf3c-9382b6b8326e,mining.zip,premium,648.7,648.7,high,low,6,namecheap,,,30/09/2026 04:33
4f2af914-b7d3-46f9-9501-ce3f439816f9,mining.zone,resell,,,high,low,6,"Xiamen ChinaSource Internet Service Co., Ltd",13/05/2018 03:40,13/05/2027 03:40,30/09/2026 04:33
58add89b-6ab1-4394-85ff-9c0d480a5ac4,mining.builders,available,35.99,35.99,high,low,6,namesilo,,,30/09/2026 04:33
62faff42-4412-441a-9044-eb500b5f83de,mining.gold,resell,,,high,low,6,"Chengdu West Dimension Digital Technology Co., Ltd.",23/12/2023 15:15,23/12/2026 15:15,30/09/2026 04:33
83494987-5c22-4ec4-8ed6-709afb6f521c,mining.engineer,premium,1107,1107,high,low,6,namesilo,,,30/09/2026 04:33
fa031f6d-0615-45cd-9662-7a92f76904e0,mining.dentist,available,65.99,65.99,high,low,6,namesilo,,,30/09/2026 04:33
03ccd9b5-92ce-4fd9-88b0-61a05d119efc,mining.forex,available,10.55,83,high,low,6,spaceship,,,30/09/2026 04:33
f3309225-5bdd-4bec-9755-c1c01a08698a,mining.xyz,resell,,,high,low,6,"GoDaddy.com, LLC",02/06/2014 17:29,02/06/2027 23:59,30/09/2026 04:33
6a283fcb-d41d-4a36-9d0e-9ce29f698f94,mining.loans,available,20.99,116.99,high,low,6,namesilo,,,30/09/2026 04:33
ab21c2a4-08cb-4318-933b-3d990d4213d3,mining.construction,available,31.25,31.25,high,low,6,spaceship,,,30/09/2026 04:33
c714bcef-dc61-4c4c-a927-cd3c76f9efed,mining.navy,available,41.99,41.99,high,low,6,namesilo,,,30/09/2026 04:33
aa42c509-ea68-43a0-bd25-329b994a5a6d,mining.bot,premium,517.7,517.7,high,low,6,spaceship,,,30/09/2026 04:33
01a4fa72-5b44-4232-988f-4ca38bccb98f,mining.ceo,premium,254.72,254.72,high,low,6,namesilo,,,30/09/2026 04:33
1eaed1f4-2a27-45a1-bcd1-6f38c0f95885,mining.fit,resell,,,high,low,6,"Xiamen ChinaSource Internet Service Co., Ltd",29/05/2022 00:00,29/05/2027 00:00,30/09/2026 04:33
c66c4e82-df48-49bb-813e-d0ae160beb1a,mining.fishing,available,32.49,32.49,high,low,6,namesilo,,,30/09/2026 04:33
72d0b00f-2461-40e4-8841-12179945e8c7,mining.casa,available,1.54,10.81,high,low,6,porkbun,,,30/09/2026 04:33
518a0759-10a7-4c5e-b594-535f90186ab4,mining.kitchen,available,7.96,51.95,high,low,6,spaceship,,,30/09/2026 04:33
33432c5d-7622-43c1-b5aa-665fcbb2f5d9,mining.menu,available,27.99,27.99,high,low,6,namesilo,,,30/09/2026 04:33
89de6d72-9488-47da-ac22-d1f446b0af50,mining.vacations,available,30.2,30.2,high,low,6,cloudflare,,,30/09/2026 04:33
26359690-7ac9-4ee3-be49-85d3446c9e78,mining.archi,available,13.14,83,high,low,6,spaceship,,,30/09/2026 04:33
c3ab2d29-f97c-4099-98a2-8e6b4b42d140,mining.villas,available,47.81,47.81,high,low,6,spaceship,,,30/09/2026 04:33
1bf0eb70-6cc4-40a4-9acb-13bed84294f0,mining.luxe,premium,512,17.7,high,low,6,namesilo,,,30/09/2026 04:33
e1993fbf-aef4-4217-81b2-8a7cb8a35d80,mining.photo,available,29.99,29.99,high,low,6,namesilo,,,30/09/2026 04:33
f4827337-a0fe-478b-9008-3700ff20dce4,mining.moda,available,41.99,41.99,high,low,6,namesilo,,,30/09/2026 04:33
e3e07161-d04a-417a-a2d3-2d24dd6534f5,mining.loan,premium,640,77.35,high,low,6,namesilo,,,30/09/2026 04:33
4151389e-9254-42fb-8e92-8b7085cc7355,mining.team,resell,,,high,low,6,"Chengdu West Dimension Digital Technology Co., Ltd.",06/06/2018 04:45,06/06/2027 04:45,30/09/2026 04:33
8b5d0cd3-c9b6-4445-8056-7e09262cb7ef,mining.supplies,premium,854,854,high,low,6,namesilo,,,30/09/2026 04:33
2e6f970a-8f0d-445e-a13f-702d0b73ae82,mining.stream,premium,2587.7,103.7,high,low,6,spaceship,,,30/09/2026 04:33
d4a45e06-86dd-4eb0-8470-ab67138b1116,mining.kids,premium,53.92,21.24,high,low,6,namesilo,,,30/09/2026 04:33
3b8f55af-e8e3-469a-b5fb-9f996de9a971,mining.security,available,1999.99,2049.99,high,low,6,namesilo,,,30/09/2026 04:33
2f0f586b-e658-4ff0-84ea-0d41178b4194,mining.online,premium,1293.95,5175.2,high,low,6,spaceship,,,30/09/2026 04:33
1c44f9b5-4757-4fbb-aa23-e706cd9862a2,mining.fund,resell,,,high,low,6,"Chengdu West Dimension Digital Technology Co., Ltd.",04/01/2020 18:06,04/01/2027 18:06,30/09/2026 04:33
17985343-7338-4f6b-ae27-6c55a231d36a,mining.software,premium,414.2,414.2,high,low,6,spaceship,,,30/09/2026 04:33
3d7e6998-0af0-4030-b8cf-e3032ecd785a,mining.wiki,premium,103.7,103.7,high,low,6,spaceship,,,30/09/2026 04:33
0e2b4393-0d0a-4b66-9676-6cd1dc071297,mining.guide,resell,,,high,low,6,DropCatch.com 422 LLC,02/06/2026 15:15,02/06/2027 15:15,30/09/2026 04:33
f89583ec-b5eb-4edc-ad9a-d48beb530395,mining.wine,available,46.2,46.2,high,low,6,cloudflare,,,30/09/2026 04:33
8a50b231-4ac8-47a3-b912-269eba4a5b73,mining.ltd,premium,38.94,38.94,high,low,6,namesilo,,,30/09/2026 04:33
ff087672-171e-4e81-bca7-b038b16c30d2,mining.vodka,available,32.49,32.49,high,low,6,namesilo,,,30/09/2026 04:33
789083e5-45d1-42a8-b352-fb8d3eaa803e,mining.date,premium,328.02,55.11,high,low,6,porkbun,,,30/09/2026 04:33
a5b6c3fb-2d6c-4ae2-b396-d483e8d4f1ed,mining.srl,available,31.99,31.99,high,low,6,namesilo,,,30/09/2026 04:33
367771a6-bde2-45f4-85d4-4bce44add76d,mining.autos,resell,,,high,low,6,"GoDaddy.com, LLC",22/02/2022 17:39,22/02/2027 23:59,30/09/2026 04:33
a9b071a9-4102-4650-a1a9-786d412011b0,mining.plumbing,available,72.99,72.99,high,low,6,namesilo,,,30/09/2026 04:33
e0cb5095-0de6-4152-b85f-b4d0d9262218,mining.hot,premium,517.7,517.7,high,low,6,spaceship,,,30/09/2026 04:33
3a4e2033-774d-4408-9c99-437a2f9eb610,mining.cash,resell,,,high,low,6,"Xiamen ChinaSource Internet Service Co., Ltd",13/02/2024 15:15,13/02/2027 15:15,30/09/2026 04:33
48ae31a0-0854-45e4-953d-75747ff24365,mining.tattoo,available,34.99,34.99,high,low,6,namesilo,,,30/09/2026 04:33
6788de1f-54cd-43f9-8f91-5d5bed85aea8,mining.trade,resell,,,high,low,6,Dynadot Inc,10/02/2026 02:49,10/02/2027 02:49,30/09/2026 04:33
7649f847-13d8-42d4-938d-dda6c366a31b,mining.jewelry,available,64.99,64.99,high,low,6,namesilo,,,30/09/2026 04:33
834cbc76-d17c-4e3f-8ac3-8d5d7b6996ec,mining.xxx,resell,154.98,,high,low,6,namecheap,,,30/09/2026 04:33
50c3dc70-ee5b-4d7c-9aed-dad0850c3cdf,mining.florist,available,25.2,25.2,high,low,6,cloudflare,,,30/09/2026 04:33
6ba0c30e-e73c-40b8-9441-3a6d79a18c2b,mining.rocks,resell,,,high,low,6,Dynadot Inc,04/04/2021 12:11,04/04/2027 12:11,30/09/2026 04:33
51b3157e-d3b7-43f8-b7e8-8e376e011d6c,mining.immo,available,27.2,27.2,high,low,6,cloudflare,,,30/09/2026 04:33
024095db-d0db-4e80-ae28-f5e47de0569b,mining.domains,available,44.98,53.98,high,low,6,namecheap,,,30/09/2026 04:33
d2a74d31-6d40-4703-8a28-02723325b366,mining.pictures,available,15.49,15.49,high,low,6,namesilo,,,30/09/2026 04:33
27d03ed8-b558-4b9f-854d-7ee7be5e6359,mining.shoes,available,50.2,50.2,high,low,6,cloudflare,,,30/09/2026 04:33
c85b91c3-082b-44d1-8dbc-972d32fef118,mining.kaufen,available,23.94,23.94,high,low,6,spaceship,,,30/09/2026 04:33
18ea2397-d348-41d5-9e35-0fcf7b44272b,mining.limo,available,43.67,43.67,high,low,6,spaceship,,,30/09/2026 04:33
c7f561a8-af0e-4f57-95ae-ffdbbc124a5b,mining.contact,available,14.99,14.99,high,low,6,namesilo,,,30/09/2026 04:33
bd8be625-da3f-4f99-ac04-675de5fe8087,mining.vip,resell,,,high,low,6,"Xiamen ChinaSource Internet Service Co., Ltd",27/04/2022 00:00,27/04/2032 00:00,30/09/2026 04:33
758f1c2b-d4ed-4f9b-98d1-37800435ee7c,mining.prof,premium,359.68,359.68,high,low,6,porkbun,,,30/09/2026 04:33
03cd355f-f32b-4009-9c60-b51d5efb6f21,mining.porn,available,69.98,154.98,high,low,6,namecheap,,,30/09/2026 04:33
4c495439-3205-4d04-a6af-a33d7e66045f,mining.forsale,premium,102.67,102.67,high,low,6,spaceship,,,30/09/2026 04:33
77b8054a-b909-425f-bbb2-7823ddab1c0e,mining.vet,available,32.2,32.2,high,low,6,cloudflare,,,30/09/2026 04:33
e9dfa70a-74b4-4391-9036-27ddd53b6c37,mining.hockey,available,59.99,59.99,high,low,6,namesilo,,,30/09/2026 04:33
2fe2db08-3de9-410d-8664-1b934a769c66,mining.academy,resell,,,high,low,6,"Spaceship, Inc.",29/03/2026 05:50,29/03/2027 05:50,30/09/2026 04:33
9e40b970-2590-45f4-937b-3b9befa566ed,mining.diy,premium,362.45,517.7,high,low,6,spaceship,,,30/09/2026 04:33
f06eef3d-5342-4615-9674-c13678026c4f,mining.hospital,available,44.2,44.2,high,low,6,cloudflare,,,30/09/2026 04:33
7077f9d8-36fe-4688-9a13-e64e3efa9a54,mining.law,available,95.99,95.99,high,low,6,namesilo,,,30/09/2026 04:33
9b43711f-f7c3-49aa-ade9-656b16b20dd6,mining.finance,resell,,,high,low,6,Dynadot Inc,02/01/2026 17:00,02/01/2027 17:00,30/09/2026 04:33
c067ceab-1d28-487a-8626-60d2ebac291e,mining.health,resell,19.99,,high,low,6,name.com,,,30/09/2026 04:33
7c53f3f2-f7f6-43cc-8ec8-1c14dfb65be5,mining.nexus,premium,648.7,648.7,high,low,6,namecheap,,,30/09/2026 04:33
8fcf1c84-00bd-4b6e-98af-49642f52bd72,mining.hamburg,available,69.98,73.98,high,low,6,namecheap,,,30/09/2026 04:33
25704e5d-880b-4870-b806-9f8a33a5b64e,mining.gallery,available,22.97,22.97,high,low,6,spaceship,,,30/09/2026 04:33
4483d5d8-e1c8-436d-9fb9-1d1bafcc74fa,mining.miami,available,18.2,18.2,high,low,6,cloudflare,,,30/09/2026 04:33
8f6c2f60-fd5a-4211-8ee2-ba4cf0504112,mining.ryukyu,available,17.98,22.98,high,low,6,namecheap,,,30/09/2026 04:33
e350b3e4-db49-4b4e-80c4-bb15a60d139b,mining.email,resell,,,high,low,6,"Xiamen ChinaSource Internet Service Co., Ltd",23/11/2025 15:15,23/11/2026 15:15,30/09/2026 04:33
8c31d74e-f57b-456e-a2e2-df1b4c0b7bdf,mining.blackfriday,available,103.7,103.7,high,low,6,spaceship,,,30/09/2026 04:33
7c9780ed-70e1-45fe-8201-14645015705c,mining.qpon,available,2.19,11.49,high,low,6,namesilo,,,30/09/2026 04:33
6cf76384-57ac-4026-8030-1e0ca039df31,mining.website,premium,1107,1107,high,low,6,namesilo,,,30/09/2026 04:33
d978e521-de55-46bc-bf26-3a42535355b4,mining.study,premium,116,116,high,low,6,namesilo,,,30/09/2026 04:33
401d8854-879b-4dfb-810e-59360c4bb7c5,mining.me,premium,8856.9,20.67,high,low,6,namecheap,,,30/09/2026 04:33
f0ace332-6163-40a7-b0d8-077ad4320f8d,mining.lgbt,available,14.99,79.99,high,low,6,namesilo,,,30/09/2026 04:33
6768011f-8df2-42ca-9d6d-2e0228935aa7,mining.church,available,14.99,58.99,high,low,6,namesilo,,,30/09/2026 04:33
0f4c090d-fa6d-4926-9ae9-ae1aadcf6670,mining.social,resell,,,high,low,6,"Chengdu West Dimension Digital Technology Co., Ltd.",10/03/2019 11:44,10/03/2027 11:44,30/09/2026 04:33
66a2c49c-3a5b-4e3f-af0d-e24fbd51f2c6,mining.blue,available,12.62,19.87,high,low,6,spaceship,,,30/09/2026 04:33
f09ce021-3c2e-49a6-9e7d-6f7e57b12cdc,mining.kiwi,available,31.98,35.68,high,low,6,namecheap,,,30/09/2026 04:33
eb7a4cef-cae5-443b-aead-d314738beb94,mining.mortgage,available,48.2,48.2,high,low,6,cloudflare,,,30/09/2026 04:33
590d32f9-2d88-412e-b70f-541420f62bb2,mining.cricket,premium,362.45,51.95,high,low,6,spaceship,,,30/09/2026 04:33
4a7fd387-cea3-4171-95ef-aaf1063a46ab,mining.fitness,available,2.79,33.32,high,low,6,spaceship,,,30/09/2026 04:33
49e7fbe8-6ce2-4813-a462-95a5e709e85a,mining.energy,resell,,,high,low,6,"Spaceship, Inc.",12/07/2026 17:01,12/07/2027 17:01,30/09/2026 04:33
8a7609e3-a3cd-446a-9c96-756a3d478cb3,mining.courses,premium,103.7,103.7,high,low,6,spaceship,,,30/09/2026 04:33
7b258e7b-18c6-4c29-8698-634f5ea95645,mining.supply,available,25.99,25.99,high,low,6,namesilo,,,30/09/2026 04:33
a170f2ef-16b2-49b3-8c2f-6fa26a9bf4b0,mining.cv,premium,659.75,87.75,high,low,6,namecheap,,,30/09/2026 04:33
d65adf35-54e4-40ac-89f7-f9da39d3e211,mining.new,available,488.98,601.98,high,low,6,namecheap,,,30/09/2026 04:33
c0910f9e-11a4-4d84-b31f-307290738747,mining.airforce,available,85.82,85.82,high,low,6,dynadot,,,30/09/2026 04:33
15504647-37ba-487f-8791-f1e77e9f080e,mining.clinic,available,20.99,64.99,high,low,6,namesilo,,,30/09/2026 04:33
39ceaa71-db4c-4354-9f9a-d3d6ea12da9c,mining.work,resell,,,high,low,6,Dynadot Inc,28/11/2019 00:15,28/11/2026 00:15,30/09/2026 04:33
3036e3e0-b3e1-4011-89ec-d63b242e5b83,mining.associates,available,30.2,30.2,high,low,6,cloudflare,,,30/09/2026 04:33
e4a4ee45-a59c-41af-af15-096eac61bb79,mining.college,available,17.99,59.99,high,low,6,namesilo,,,30/09/2026 04:33
1f6501e2-4372-45a7-b6c1-91f1a611495d,mining.vin,available,46.2,46.2,high,low,6,cloudflare,,,30/09/2026 04:33
51250488-075f-42b6-8c53-7a3ae5a66f84,mining.review,premium,1107,116,high,low,6,namesilo,,,30/09/2026 04:33
9aa676ce-ffa5-40cb-a92e-92fbf937fc6e,mining.ski,available,27.99,64.99,high,low,6,namesilo,,,30/09/2026 04:33
caec480f-03ec-4373-be84-2cd8f96176c9,mining.boats,available,1.8,21.98,high,low,6,namecheap,,,30/09/2026 04:33
6964cafd-c1b2-4cc3-88e6-0e6f614f90d5,mining.attorney,premium,1300,1300,high,low,6,namecheap,,,30/09/2026 04:33
5cf92666-a22f-4487-9c74-c0b7b3952c9b,mining.cleaning,available,60.23,60.23,high,low,6,spaceship,,,30/09/2026 04:33
d79c41f9-2774-4ff7-8fd2-828d48c0996b,mining.auto,available,1999.99,2199,high,low,6,namesilo,,,30/09/2026 04:33
c3cae2b0-595d-47c8-8713-97b9f40409f2,mining.app,resell,,,high,low,6,West263 International Limited,18/07/2019 00:59,18/07/2027 00:59,30/09/2026 04:33
eafd0c4e-68ac-4115-8572-206cbffb2afc,mining.fan,premium,828.2,828.2,high,low,6,spaceship,,,30/09/2026 04:33
b23ed788-8694-413a-a24f-b1c981fa219f,mining.marketing,available,8.99,41.99,high,low,6,namesilo,,,30/09/2026 04:33
3ab31f08-75fc-48ec-8d77-3a32f93c676f,mining.financial,available,45.2,45.2,high,low,6,cloudflare,,,30/09/2026 04:33
affcb2a1-f3ec-4542-9cbe-d80e5eec7c1a,mining.makeup,available,1.54,14.21,high,low,6,porkbun,,,30/09/2026 04:33
c4554333-4ca2-4c74-9bfe-fb9e702bf3ab,mining.tennis,available,52.01,52.01,high,low,6,porkbun,,,30/09/2026 04:33
25e71592-4cb7-48db-b8dc-8cb0a93dbc14,mining.video,premium,118.8,118.8,high,low,6,namesilo,,,30/09/2026 04:33
52a7b58d-b24a-40e5-89b1-f2c198b8d0d4,mining.sarl,available,6.99,6.99,high,low,6,namesilo,,,30/09/2026 04:33
18c003e1-5f4b-4978-a1a5-380c736689c7,mining.farm,resell,,,high,low,6,"GoDaddy.com, LLC",01/03/2016 15:26,01/03/2027 15:26,30/09/2026 04:33
45056317-5758-4c88-a7b5-32063647317b,mining.dance,available,9.52,21.94,high,low,6,spaceship,,,30/09/2026 04:33
a5b3c0ac-4513-4620-ac72-8604b76bc405,mining.place,available,22.49,22.49,high,low,6,namesilo,,,30/09/2026 04:33
f6df84d6-a138-4496-8e83-f742d2a8b9c6,mining.market,premium,414.2,414.2,high,low,6,spaceship,,,30/09/2026 04:33
02058882-c4cb-4ece-8f95-468dc94439fa,mining.moe,available,13.99,13.99,high,low,6,namesilo,,,30/09/2026 04:33
8841e0c6-f3f3-41ee-bfb2-7997d573a844,mining.theatre,available,465.95,500.18,high,low,6,spaceship,,,30/09/2026 04:33
fc5c81b2-c966-495a-9c60-cc9b0ca55bae,mining.training,available,32.2,32.2,high,low,6,cloudflare,,,30/09/2026 04:33
93b4e36f-67cd-41b9-bc80-2516bdfd1726,mining.link,premium,1995,1995,high,low,6,namesilo,,,30/09/2026 04:33
b6688039-8ad4-4ff6-b146-afe2afa38682,mining.paris,available,66.98,66.98,high,low,6,namecheap,,,30/09/2026 04:33
5a54dbb2-017a-4c15-83de-ecf095f71827,mining.management,available,8.24,21.62,high,low,6,dynadot,,,30/09/2026 04:33
81244523-6356-43de-99cf-0f187c0b556f,mining.cyou,premium,310.7,621.2,high,low,6,spaceship,,,30/09/2026 04:33
2c4cbb98-9aa6-4daa-a628-6c851f78218b,mining.fyi,resell,,,high,low,6,"Xiamen ChinaSource Internet Service Co., Ltd",01/12/2021 17:00,01/12/2026 17:00,30/09/2026 04:33
38dfd284-dc4e-4b39-9fba-0ff5be123a24,mining.camp,resell,,,high,low,6,Dynadot Inc,22/01/2026 17:00,22/01/2027 17:00,30/09/2026 04:33
cfe8bad2-cc1c-42a0-bb7b-ec0ac44e4fff,mining.group,resell,,,high,low,6,,,,30/09/2026 04:33
a220623e-59f7-4fb7-8a5a-97282a059bcd,mining.food,premium,640,640,high,low,6,namesilo,,,30/09/2026 04:33
addc4a6a-a358-4eac-96a0-4243491054e3,mining.gives,available,6.41,22.39,high,low,6,spaceship,,,30/09/2026 04:33
fbef438a-90ca-4839-af1b-ff893faf8819,mining.healthcare,available,93.98,111.98,high,low,6,namecheap,,,30/09/2026 04:33
b4feb3d1-5aac-4594-9749-3d4421e6fc44,mining.plus,resell,,,high,low,6,"Chengdu West Dimension Digital Technology Co., Ltd.",04/01/2020 03:21,04/01/2027 03:21,30/09/2026 04:33
f502f2f8-94a0-483c-9f78-4f0367c65da1,mining.gratis,available,23.99,23.99,high,low,6,namesilo,,,30/09/2026 04:33
675199af-b12c-4a7a-82df-14a7a39aa62c,mining.sale,premium,118.8,118.8,high,low,6,namesilo,,,30/09/2026 04:33
0fedfb41-18c6-4415-86cf-0db3e82851f9,mining.red,resell,,,high,low,6,"Xiamen ChinaSource Internet Service Co., Ltd",01/12/2025 15:15,01/12/2026 15:15,30/09/2026 04:33
573433c4-a244-45bd-9b09-638ecdce250c,mining.show,resell,,,high,low,6,"Chengdu West Dimension Digital Technology Co., Ltd.",22/04/2019 19:35,22/04/2027 19:35,30/09/2026 04:33
1d557b88-cbfd-4ab8-b595-a79be5cb2b5e,mining.tax,resell,,,high,low,6,"Xiamen ChinaSource Internet Service Co., Ltd",22/11/2022 17:00,22/11/2026 17:00,30/09/2026 04:33
792a06f7-3a8f-4fbb-a7e7-a4ee0a27a894,mining.graphics,available,18.2,18.2,high,low,6,cloudflare,,,30/09/2026 04:33
5b0c8359-b327-471d-86b2-7937adcef5b4,mining.lawyer,premium,1107,1107,high,low,6,namesilo,,,30/09/2026 04:33
020fa4ac-5ef2-4620-bdbd-f2a03fcfdfcd,mining.guru,resell,,,high,low,6,"Sav.com, LLC - 17",05/02/2026 15:15,05/02/2027 15:15,30/09/2026 04:33
ca2de3a7-94a4-4ae4-82ec-04b96f69b333,mining.my,premium,390.66,558.09,high,low,6,spaceship,,,30/09/2026 04:33
e84a954f-6b6c-4080-a3d9-2d504bdc8d05,mining.bar,premium,652.25,931.7,high,low,6,spaceship,,,30/09/2026 04:33
7af274ef-8190-4573-bf3b-333a0e5e8000,mining.recipes,available,6.69,62.31,high,low,6,porkbun,,,30/09/2026 04:33
e3e6679c-5610-4514-9e60-e2a424103a16,mining.cars,available,1863.2,2064.2,high,low,6,spaceship,,,30/09/2026 04:33
e7968e16-9763-4103-8e8d-3855eefbca93,mining.investments,premium,260,260,high,low,6,namecheap,,,30/09/2026 04:33
84ef236d-487a-4e96-b4ca-f003bd1e3853,mining.cc,resell,,,high,low,6,"GoDaddy.com, LLC",29/03/2005 19:37,29/03/2027 18:37,30/09/2026 04:33
777d54d4-3f21-4af2-a9b3-318e6a1e6ac8,mining.condos,available,46.78,46.78,high,low,6,spaceship,,,30/09/2026 04:33
b219e559-1e70-47cd-97eb-5d8c91dd0ec7,mining.house,available,11.59,35.39,high,low,6,spaceship,,,30/09/2026 04:33
a05a1748-6841-410e-8f4c-6e40b892b95d,mining.soccer,available,27.48,29.48,high,low,6,namecheap,,,30/09/2026 04:33
1ed5d864-e645-4f6a-8457-61c15dc892c3,mining.rip,available,23.49,23.49,high,low,6,namesilo,,,30/09/2026 04:33
d54810db-f201-498f-a7dd-23e11f7dda31,mining.lifestyle,premium,640,640,high,low,6,namesilo,,,30/09/2026 04:33
1b274a4d-a421-4ffc-b793-3c25918639ce,mining.cooking,available,32.49,32.49,high,low,6,namesilo,,,30/09/2026 04:33
5df5ebee-38d0-4d03-8924-44caf483cc20,mining.clothing,available,25.2,25.2,high,low,6,cloudflare,,,30/09/2026 04:33
8fa3c2af-97eb-43eb-a6e2-95f9f8fd5a1e,mining.consulting,premium,34.36,68.51,high,low,6,spaceship,,,30/09/2026 04:33
9cd62d81-a1ca-4a75-80cd-a1c420e07691,mining.exchange,resell,,,high,low,6,"GoDaddy.com, LLC",10/01/2018 21:00,10/01/2027 21:00,30/09/2026 04:33
6f7aaa94-e04c-40ed-90f7-71c4676e1724,mining.skin,available,1.99,14.45,high,low,6,dynadot,,,30/09/2026 04:33
33956223-f828-432f-aa94-f597e0012ed3,mining.singles,available,9.49,33.99,high,low,6,namesilo,,,30/09/2026 04:33
19538d4c-7bc4-4845-bc4a-31ab6dfd2fcc,mining.camera,available,58.99,58.99,high,low,6,namesilo,,,30/09/2026 04:33
697ffcd1-8dbf-4e3a-96b1-21020ce18306,mining.properties,available,30.2,30.2,high,low,6,cloudflare,,,30/09/2026 04:33
c2275d9d-553a-4240-924a-6f326868bd3b,mining.vegas,available,12.99,43.99,high,low,6,namesilo,,,30/09/2026 04:33
3443827b-8c63-40bb-a0f0-ef5b32e7690e,mining.ltda,available,42.98,46.98,high,low,6,namecheap,,,30/09/2026 04:33
dbae97b6-d6bf-4fa0-9308-2ce8527ca94b,mining.download,premium,640,77.35,high,low,6,namesilo,,,30/09/2026 04:33
2e1c4df2-aab3-46dc-b646-81588dac8b7c,mining.store,premium,687.5,2750,high,low,6,dynadot,,,30/09/2026 04:33
f0513184-7178-4a4e-8e54-83d767353a5b,mining.catering,available,31.25,31.25,high,low,6,spaceship,,,30/09/2026 04:33
d2ecf83d-0a1f-4e9e-881b-8fc5e33baa0f,mining.bid,available,5.25,6.25,high,low,6,namesilo,,,30/09/2026 04:33
51ac2d1c-5fac-4515-8f06-ad4acea6fb65,mining.protection,available,1999.99,2049.99,high,low,6,namesilo,,,30/09/2026 04:33
81c686f1-c295-4e33-8c53-25b7c731a2e1,mining.expert,resell,,,high,low,6,Porkbun LLC,29/12/2020 03:15,29/12/2026 03:15,30/09/2026 04:33
d9125b5e-fd27-4ba1-98be-277dcac9e989,mining.limited,resell,,,high,low,6,Dynadot Inc,18/06/2026 17:00,18/06/2027 17:00,30/09/2026 04:33
f7cff520-2a2d-4a54-ac3b-071e1c94f386,mining.locker,premium,5500,32.32,high,low,6,dynadot,,,30/09/2026 04:33
7e641ec5-f0c0-4be2-b227-39cb819da5ca,mining.actor,available,9.48,54.98,high,low,6,namecheap,,,30/09/2026 04:33
9079a904-c696-4d59-96d0-63254f3c8f1f,mining.coffee,available,10.92,35.41,high,low,6,dynadot,,,30/09/2026 04:33
b54299e9-6f85-43c6-b301-b233fd83b319,mining.exposed,available,17.8,17.8,high,low,6,spaceship,,,30/09/2026 04:33
3f137355-9073-4fbd-ae82-3e44d319812b,mining.game,available,310.98,547.98,high,low,6,namecheap,,,30/09/2026 04:33
9e65a842-10e5-45f2-879e-5dfb2b62279e,mining.viajes,available,37.99,37.99,high,low,6,namesilo,,,30/09/2026 04:33
c271e13a-32d7-4397-a2c0-5a3f8a6f449c,mining.diet,available,103.5,103.5,high,low,6,porkbun,,,30/09/2026 04:33
37b6405f-bde0-4c86-921a-fd6479260bd4,mining.reviews,premium,220,220,high,low,6,dynadot,,,30/09/2026 04:33
f895901a-e9d1-433f-a217-2a210cd32da6,mining.run,resell,,,high,low,6,"Chengdu West Dimension Digital Technology Co., Ltd.",07/10/2018 00:19,07/10/2027 00:19,30/09/2026 04:33
4d6eb0e5-a6dc-4d87-8583-fe2a8c78f430,mining.sexy,available,2998,3298,high,low,6,namecheap,,,30/09/2026 04:33
ccb31317-f734-4606-bdd7-97b48207e4d6,mining.bike,available,5.38,31.25,high,low,6,spaceship,,,30/09/2026 04:33
f68b1b35-81cb-43e7-b496-86ca1e00ff96,mining.observer,premium,20.9,20.9,high,low,6,spaceship,,,30/09/2026 04:33
383b0b6c-4796-45a5-be34-4df035fe5ada,mining.restaurant,available,50.2,50.2,high,low,6,cloudflare,,,30/09/2026 04:33
082de51a-92dd-4f26-be0b-9554d3f85290,mining.jetzt,available,23.99,23.99,high,low,6,namesilo,,,30/09/2026 04:33
7ec89f58-f99b-4618-8767-dea39e75f337,mining.rsvp,premium,257.92,257.92,high,low,6,spaceship,,,30/09/2026 04:33
abe2ab49-8743-4ddb-ae44-d60f80797dcb,mining.surgery,available,42.2,42.2,high,low,6,cloudflare,,,30/09/2026 04:33
395c4960-6008-4ec5-9fa2-f9b9d26a94bc,mining.cfd,premium,384,768,high,low,6,namesilo,,,30/09/2026 04:33
b764017a-d0ec-400b-a819-2a1936d8aa59,mining.schule,available,29.98,32.98,high,low,6,namecheap,,,30/09/2026 04:33
e1d836a6-3128-466f-b263-0685671d41cc,mining.hiv,available,195.99,195.99,high,low,6,namesilo,,,30/09/2026 04:33
4f4b551c-8278-4c55-8107-f68c630f21d6,mining.sbs,premium,310.7,621.2,high,low,6,spaceship,,,30/09/2026 04:33
28bf3041-3d04-4823-9168-bf309ea789e0,mining.works,resell,,,high,low,6,"NameSilo, LLC",04/12/2017 06:50,04/12/2026 06:50,30/09/2026 04:33
1196f395-a5dc-47bf-b41b-09ad19f7612a,mining.osaka,available,26.68,26.88,high,low,6,porkbun,,,30/09/2026 04:33
7202cd94-39ba-40ab-83cf-ce8e6eb3749e,mining.kim,available,12.99,23.49,high,low,6,namesilo,,,30/09/2026 04:33
346ddcf1-e3ad-45c0-855a-0d978e4c72a2,mining.racing,premium,116,116,high,low,6,namesilo,,,30/09/2026 04:33
b9c87b8e-9537-48e0-9a0c-91b643f944ac,mining.sydney,premium,420.4,420.4,high,low,6,porkbun,,,30/09/2026 04:33
1688aeef-5ad7-4204-b45b-ef68d70f9a75,mining.creditcard,available,125.2,125.2,high,low,6,cloudflare,,,30/09/2026 04:33
ec22d2b1-5834-4463-96c8-8e24f965772a,mining.free,premium,640,640,high,low,6,namesilo,,,30/09/2026 04:33
f11f02f5-aad0-4f7e-a280-ec65f7e294a2,mining.ag,resell,,,high,low,6,Dynadot Inc,24/07/2025 09:19,24/07/2027 09:19,30/09/2026 04:33
c06e0d90-24c9-47a7-a421-5d9233f8394e,mining.motorcycles,available,1.54,14.21,high,low,6,porkbun,,,30/09/2026 04:33
d2cc19e6-e98b-4f26-bc6a-945e1ead718e,mining.family,available,39.99,39.99,high,low,6,namesilo,,,30/09/2026 04:33
1e17a6fc-131b-4e54-a2e3-5144cb8150ec,mining.barcelona,available,25.04,25.04,high,low,6,spaceship,,,30/09/2026 04:33
e4ff522f-dfad-4267-ae3d-591dd5dbea62,mining.coupons,available,5.99,54.99,high,low,6,namesilo,,,30/09/2026 04:33
e55ca86c-0559-4aa1-8455-9b3bee491f88,mining.garden,premium,440,26.97,high,low,6,dynadot,,,30/09/2026 04:33
8c7ac2b8-958f-41c0-bd9f-2944eacd2ed7,mining.coach,available,17.99,77.99,high,low,6,namesilo,,,30/09/2026 04:33
d3689949-efab-48cf-b7f5-4045d2faf16e,mining.gmbh,available,36.56,36.56,high,low,6,porkbun,,,30/09/2026 04:33
53327089-1e28-42b8-b59f-4ab04c92e977,mining.one,premium,517.7,517.7,high,low,6,spaceship,,,30/09/2026 04:33
b4a3db36-432c-4a7e-8cb8-3bb500ab2245,mining.science,premium,130,32.5,high,low,6,namecheap,,,30/09/2026 04:33
49452583-6291-4d47-812d-b93522a6c0b2,mining.car,available,1863.2,2064.2,high,low,6,spaceship,,,30/09/2026 04:33
ef220012-e229-4a22-b347-b732f9802a3e,mining.audio,available,93.35,103.4,high,low,6,spaceship,,,30/09/2026 04:33
f8b79774-4fd7-4a56-a475-340df812f1f8,mining.enterprises,premium,512,512,high,low,6,namesilo,,,30/09/2026 04:33
4f365536-0d41-4d1f-9d64-6dfdbe60c1ae,mining.christmas,available,30.2,30.2,high,low,6,cloudflare,,,30/09/2026 04:33
aa10d12e-d956-4aea-aec1-5e71b0f100be,mining.agency,resell,,,high,low,6,Unstoppable Domains Inc,21/12/2021 13:15,21/12/2026 13:15,30/09/2026 04:33
b0515a0f-c7d1-49a9-a8e3-c2b0688053fb,mining.cool,resell,,,high,low,6,"Xiamen ChinaSource Internet Service Co., Ltd",26/11/2018 23:17,26/11/2026 23:17,30/09/2026 04:33
0e907011-6649-42f0-9472-172bd389c33d,mining.holiday,available,5.57,53.72,high,low,6,dynadot,,,30/09/2026 04:33
f29767ca-3487-41c8-867d-01c39f9b8eee,mining.town,premium,78.54,78.54,high,low,6,namesilo,,,30/09/2026 04:33
b6cf9fa9-2351-45e9-b2a7-d7e7b95f3015,mining.mobi,resell,,,high,low,6,Dynadot Inc,27/02/2020 10:13,27/02/2027 10:13,30/09/2026 04:33
9f6fde15-1415-4d29-9ceb-492b894f9498,mining.promo,resell,,,high,low,6,IONOS SE,27/11/2025 23:34,27/11/2026 23:34,30/09/2026 04:33
1a71e264-aafc-4060-b4e0-69c0dbec4bec,mining.army,available,17.48,48.98,high,low,6,namecheap,,,30/09/2026 04:33
0c0c6ff9-7ce0-4531-a468-5d10b2f605db,mining.care,available,20.99,44.49,high,low,6,namesilo,,,30/09/2026 04:33
a80459fe-2a96-4e8b-b4ab-cb1d08f26c61,mining.beauty,resell,,,high,low,6,,,,30/09/2026 04:33
79c9922a-3e62-4c92-b575-181a5d07a977,mining.rich,available,94.99,1999,high,low,6,namesilo,,,30/09/2026 04:33
975f1b0f-725a-4918-8b30-bd79f60c82fd,mining.pw,resell,,,high,low,6,"Xiamen ChinaSource Internet Service Co., Ltd",30/05/2024 10:43,30/05/2034 23:59,30/09/2026 04:33
00518fee-96af-4911-a1c3-6614939ef761,mining.immobilien,available,29.2,29.2,high,low,6,cloudflare,,,30/09/2026 04:33
7ef86e93-dff8-454d-9d90-2e9e3afcc3be,mining.hosting,available,279.65,341.75,high,low,6,spaceship,,,30/09/2026 04:33
73681162-e421-44b3-8130-292f78a418cb,mining.futbol,available,5.57,14.13,high,low,6,dynadot,,,30/09/2026 04:33
790050c7-695e-4775-b8d5-c802ef1b9bf3,mining.pink,available,14.49,25.99,high,low,6,namesilo,,,30/09/2026 04:33
14f783e0-0803-4efd-ae3d-28f091f59713,mining.studio,resell,,,high,low,6,"Xiamen ChinaSource Internet Service Co., Ltd",27/04/2025 15:15,27/04/2027 15:15,30/09/2026 04:33
b5c836ba-9e19-4756-8107-7ed161682d18,mining.meme,premium,672.95,672.95,high,low,6,spaceship,,,30/09/2026 04:33
9aec7d46-82ef-4274-bf89-86fc73e2492b,mining.poker,available,5.38,54.02,high,low,6,spaceship,,,30/09/2026 04:33
dfd7069a-d246-458c-8f2d-a6b1e6ed8379,mining.chat,resell,,,high,low,6,Alibaba Cloud Computing Ltd. d/b/a HiChina (www.net.cn),30/07/2018 23:21,30/07/2027 23:21,30/09/2026 04:33
fde878c7-5da0-4f4d-b9a8-60564024769f,mining.gift,available,14.99,14.99,high,low,6,namesilo,,,30/09/2026 04:33
03d505f7-899a-4d96-9cef-2768eb07cc21,mining.tips,available,12.98,42.48,high,low,6,namecheap,,,30/09/2026 04:33
14555988-86ca-4474-b35f-f70621828017,mining.gifts,available,29.18,29.18,high,low,6,spaceship,,,30/09/2026 04:33
ccac6d5c-053a-4ba4-a2f0-097caccff42b,mining.shiksha,premium,640,640,high,low,6,namesilo,,,30/09/2026 04:33
5da41614-8692-414a-bef8-e35b493d4713,mining.ing,premium,362.45,362.45,high,low,6,spaceship,,,30/09/2026 04:33
38337abd-63bc-4a2a-8e3f-99895bceb4ed,mining.capital,resell,,,high,low,6,"Spaceship, Inc.",23/12/2023 17:00,23/12/2026 17:00,30/09/2026 04:33
c9027dc0-6cc7-4e21-929a-d539e7985100,mining.estate,available,8.24,32.21,high,low,6,dynadot,,,30/09/2026 04:33
30e757e8-b44d-4166-869a-2df1e9289406,mining.page,premium,272.35,272.35,high,low,6,porkbun,,,30/09/2026 04:33
b3ec48f7-2456-4835-a331-674cd3818d20,mining.bingo,available,41.2,41.2,high,low,6,cloudflare,,,30/09/2026 04:33
46a3b6ac-de02-465a-ac01-fd05396238c0,mining.melbourne,available,58,58,high,low,6,namesilo,,,30/09/2026 04:33
a9caeb97-73df-4b9a-b5fd-b2b04096658c,mining.quest,resell,,,high,low,6,Dynadot Inc,26/07/2026 15:34,26/07/2027 23:59,30/09/2026 04:33
e2c7da9f-9d23-4cc4-8a12-51e5269aa546,mining.technology,premium,218.8,437.19,high,low,6,porkbun,,,30/09/2026 04:33
c5da1bee-34ce-408e-a204-0a3215853c04,mining.press,premium,302.5,302.5,high,low,6,namesilo,,,30/09/2026 04:33
55dee97e-f47a-47f5-839f-e567f496730b,mining.holdings,available,52.01,52.01,high,low,6,porkbun,,,30/09/2026 04:33
8ead396f-d2c7-45ed-921a-7317bf81fa97,mining.ngo,available,16.72,16.72,high,low,6,dynadot,,,30/09/2026 04:33
f7796319-e2af-4bca-a8e8-4b4b22c5bbcb,mining.dating,available,50.2,50.2,high,low,6,cloudflare,,,30/09/2026 04:33
fd67f0eb-9b61-43ab-a895-5f97730e2e49,mining.giving,available,7.48,35.98,high,low,6,namecheap,,,30/09/2026 04:33
ffc1d768-84d7-407a-8327-53ccc78548f5,mining.voting,available,1398,1448,high,low,6,namecheap,,,30/09/2026 04:33
5c6c9690-d72c-42f3-b4b2-8e978f1c33bb,mining.accountants,available,117.99,117.99,high,low,6,namesilo,,,30/09/2026 04:33
37657526-7e3d-4b46-817f-c402a6a48d21,mining.toys,available,13.14,51.95,high,low,6,spaceship,,,30/09/2026 04:33
791992be-a5da-47b1-853f-6a34b77fdf16,mining.pet,resell,,,high,low,6,"Xiamen ChinaSource Internet Service Co., Ltd",04/01/2025 15:15,04/01/2027 15:15,30/09/2026 04:33
960d225f-dca6-4a34-9029-2f04a692230c,mining.travel,available,27.99,149.99,high,low,6,namesilo,,,30/09/2026 04:33
259cdebf-12b1-4108-918f-2f98f25894f9,mining.trading,available,21.98,27.98,high,low,6,namecheap,,,30/09/2026 04:33
dde7b9ea-3719-49d1-86e3-911ff94b07ea,mining.flights,available,45.2,45.2,high,low,6,cloudflare,,,30/09/2026 04:33
564a252e-5d4e-41b2-9483-051579b62162,mining.insure,available,76.98,91.98,high,low,6,namecheap,,,30/09/2026 04:33
21af6d94-00ea-4087-adb6-af78833614ff,mining.mx,resell,,,high,low,6,,,,30/09/2026 04:33
62c0331d-a9a5-4e5b-8d99-7c2b955cb108,mining.berlin,available,79.98,89.98,high,low,6,namecheap,,,30/09/2026 04:33
9600d869-7407-46c7-9000-45046f5baf5e,mining.fans,premium,51.95,103.7,high,low,6,spaceship,,,30/09/2026 04:33
574926da-25f5-41e0-b39a-1636e7e81870,mining.maison,available,45.74,45.74,high,low,6,spaceship,,,30/09/2026 04:33
bfffe62a-2fd5-4f8c-93cf-ebc031fd75ee,mining.university,premium,78.54,78.54,high,low,6,namesilo,,,30/09/2026 04:33
18f9c50f-2f9f-4eec-b944-ba8e942a2c96,mining.boston,available,18.88,18.88,high,low,6,spaceship,,,30/09/2026 04:33
10cc2424-70b3-4523-954a-019ca9227139,mining.democrat,available,5.38,26.08,high,low,6,spaceship,,,30/09/2026 04:33
82a8c116-fe0a-49eb-abc2-33c57cc94133,mining.esq,premium,427.7,427.7,high,low,6,namecheap,,,30/09/2026 04:33
2f3c08dd-ca50-49d5-afd9-b277d8697f70,mining.talk,premium,153.6,153.6,high,low,6,namesilo,,,30/09/2026 04:33
37b1379f-2f4d-4518-82be-e2350a015fa8,mining.fish,available,44.49,44.49,high,low,6,namesilo,,,30/09/2026 04:33
650f177b-915a-479f-9bb2-7e96d10723b5,mining.win,premium,362.45,51.95,high,low,6,spaceship,,,30/09/2026 04:33
cd9c5a61-ff79-499f-aca5-8fd0e457495c,mining.storage,available,509.99,529.99,high,low,6,namesilo,,,30/09/2026 04:33
5bc89ed9-9e8b-44f5-ba9f-b1ba24495738,mining.tours,available,5.38,49.88,high,low,6,spaceship,,,30/09/2026 04:33
813a90b3-3756-48e9-be6f-0b8890892e63,mining.industries,premium,242,242,high,low,6,namesilo,,,30/09/2026 04:33
68907b0c-7757-4359-9241-8b6c693e4e11,mining.casino,available,7.71,133.97,high,low,6,dynadot,,,30/09/2026 04:33
f0ef2538-aeb1-4d5d-aa86-baf98bdf9e5a,mining.you,premium,116,116,high,low,6,namesilo,,,30/09/2026 04:33
b2bf6137-45ff-470b-a14e-ab7c2fae9922,mining.bargains,available,13.14,23.94,high,low,6,spaceship,,,30/09/2026 04:33
1244c5d9-40cd-4b30-b279-d9ee518171e8,mining.dealer,premium,4278,2660,high,low,6,namesilo,,,30/09/2026 04:33
db55e253-a535-46bb-9f15-7053446b5439,mining.tickets,available,360.97,386.71,high,low,6,porkbun,,,30/09/2026 04:33
c3a720ef-8213-410c-8c93-c268fc083553,mining.accountant,premium,385,55,high,low,6,dynadot,,,30/09/2026 04:33
aa5de5e4-b700-4f03-a158-78afe32ef3cb,mining.glass,available,58.16,58.16,high,low,6,spaceship,,,30/09/2026 04:33
7d1f1976-59d2-4c1d-a5f5-be8eaa474bf9,mining.gay,premium,55.11,55.11,high,low,6,porkbun,,,30/09/2026 04:33
828e0a59-d4a4-4264-8f8d-3280d54688ab,mining.moi,available,25.99,25.99,high,low,6,namesilo,,,30/09/2026 04:33
8f959585-6cd2-4d7e-aee5-cec18fd98541,mining.express,resell,,,high,low,6,"Sav.com, LLC - 35",13/01/2026 15:15,13/01/2027 15:15,30/09/2026 04:33
9e280d36-a76f-4458-b431-9632401dfa88,mining.art,premium,282.76,72.65,high,low,6,spaceship,,,30/09/2026 04:33
b71b6c2b-9897-430c-b598-6ded3b9da527,mining.theater,available,65.99,65.99,high,low,6,namesilo,,,30/09/2026 04:33
aeebde43-fc7f-4808-8a44-61a9e253965d,mining.wedding,available,26.26,26.26,high,low,6,porkbun,,,30/09/2026 04:33
07a66864-dc7a-4954-8ad2-2d67534c4898,mining.webcam,premium,640,77.35,high,low,6,namesilo,,,30/09/2026 04:33
c9e0d9e0-78cd-4337-b1c3-6a5198338928,mining.golf,available,6.98,83.98,high,low,6,namecheap,,,30/09/2026 04:33
d17c0954-d3af-4161-836f-3a4741a536be,mining.blog,premium,517.7,2070.2,high,low,6,spaceship,,,30/09/2026 04:33
fd02acc1-51b5-4a29-b13d-188db9964b1b,mining.tienda,available,59.99,59.99,high,low,6,namesilo,,,30/09/2026 04:33
e314eb30-7132-4dc8-ad93-e7dc6fe6f035,mining.shop,premium,640,640,high,low,6,namesilo,,,30/09/2026 04:33
822bac81-0c88-4d08-a4f3-f0da59ab3b37,mining.salon,available,44.2,44.2,high,low,6,cloudflare,,,30/09/2026 04:33
67469d4e-10ed-46ee-b832-29944d1b98b7,mining.ong,available,15.96,15.96,high,low,6,porkbun,,,30/09/2026 04:33
78152da1-82a8-48d5-8d56-4bc549aa236a,mining.rest,premium,1152,1152,high,low,6,namesilo,,,30/09/2026 04:33
517e8e37-92c2-4c75-b293-d0fd7f0c96bc,mining.charity,available,14.99,23.99,high,low,6,namesilo,,,30/09/2026 04:33
e9262af2-b7ac-4501-804e-c75b422af570,mining.icu,premium,310.7,621.2,high,low,6,spaceship,,,30/09/2026 04:33
5000de4b-e1b5-4887-bda6-a6cf77375761,mining.yoga,available,26.08,26.08,high,low,6,spaceship,,,30/09/2026 04:33
e6c2b171-b684-4ab9-b6ad-ec9b8eefd535,mining.school,resell,,,high,low,6,"Xiamen ChinaSource Internet Service Co., Ltd",26/02/2022 13:15,26/02/2027 13:15,30/09/2026 04:33
bebcb184-d9bf-4330-98e2-e984556dcba8,mining.lease,available,56.99,56.99,high,low,6,namesilo,,,30/09/2026 04:33
93cb0770-3a4c-4102-90db-8709b6e96b48,mining.cafe,available,5.38,41.6,high,low,6,spaceship,,,30/09/2026 04:33
0bc08737-a445-4571-b75e-5ba1bb86fd3a,mining.games,premium,128.7,128.7,high,low,6,namecheap,,,30/09/2026 04:33
ed86516d-14f6-45d9-9fdf-d1f8920ea5b2,mining.media,resell,,,high,low,6,"Xiamen ChinaSource Internet Service Co., Ltd",07/09/2021 17:00,07/09/2027 17:00,30/09/2026 04:33
82b71f70-5b7e-4ea0-b3fa-826dd345e821,mining.apartments,available,10.92,47.3,high,low,6,dynadot,,,30/09/2026 04:33
ffb26080-8917-44da-93e0-02d0ba8ab4f8,mining.guitars,available,107.22,107.22,high,low,6,dynadot,,,30/09/2026 04:33
c6195a7b-8b70-4f34-abf5-59ce14053b0f,mining.furniture,available,23.98,127.98,high,low,6,namecheap,,,30/09/2026 04:33
d46e77f7-5c08-4436-bf72-910a82bdd08d,mining.reisen,available,16.76,16.76,high,low,6,spaceship,,,30/09/2026 04:33
fb4c1819-962b-4390-8899-c048313dbcfe,mining.band,available,20.99,31.49,high,low,6,namesilo,,,30/09/2026 04:33
4a9e3fd2-547a-43ee-a904-eca4a1efd1d2,mining.channel,premium,257.92,257.92,high,low,6,spaceship,,,30/09/2026 04:33
2fec8b4b-193b-4066-ac32-3985e42a3582,mining.photography,available,6.41,29.18,high,low,6,spaceship,,,30/09/2026 04:33
6bcce5f8-5c7e-40d6-95fc-94a1b9a70c82,mining.watch,resell,,,high,low,6,"Sav.com, LLC - 41",06/03/2026 15:15,06/03/2027 15:15,30/09/2026 04:33
ed4668da-b3fa-46e7-ad57-1687667cd1d3,mining.love,resell,,,high,low,6,"Chengdu West Dimension Digital Technology Co., LTD",19/08/2026 04:46,19/08/2027 04:46,30/09/2026 04:33
37139e22-9225-45fa-81b5-0a4251d6adea,mining.reise,available,77.83,77.83,high,low,6,spaceship,,,30/09/2026 04:33
bb048508-2fb2-4217-b69c-f4d181d73aa9,mining.direct,available,17.99,41.99,high,low,6,namesilo,,,30/09/2026 04:33
4ee53cc8-b200-40fd-aa45-656c2bbd381e,mining.football,available,20.2,20.2,high,low,6,cloudflare,,,30/09/2026 04:33
0cfb12c3-be71-4caf-b3d9-1ee4f19436ae,mining.memorial,available,52.99,52.99,high,low,6,namesilo,,,30/09/2026 04:33
0b640e9f-5b41-4d06-9941-e85e70bff7a2,mining.ooo,premium,55.1,22.35,high,low,6,porkbun,,,30/09/2026 04:33
e201f723-eb77-4e75-a5cd-30cbc82e689d,mining.voyage,available,46.78,46.78,high,low,6,spaceship,,,30/09/2026 04:33
8b188a19-2e06-40b8-903b-9baddd1ad58f,mining.mov,premium,648.7,648.7,high,low,6,namecheap,,,30/09/2026 04:33
e5a6bc5c-e5cb-4410-aaec-5c5b0461d80c,mining.biz,resell,,,high,low,6,"GoDaddy.com, LLC",27/03/2002 08:10,26/03/2027 23:59,30/09/2026 04:33
b228d862-6577-45f5-bc80-130f911564ac,mining.homes,resell,1.99,,high,low,6,name.com,,,30/09/2026 04:33
6b8a2d0d-1f6c-4656-bde6-ed9ab3797716,mining.foundation,resell,,,high,low,6,Dynadot Inc,17/07/2026 17:01,17/07/2027 17:01,30/09/2026 04:33
1bf55f79-84f9-4b64-bed2-f525775496e8,mining.deal,premium,103.7,103.7,high,low,6,spaceship,,,30/09/2026 04:33
36a28921-235a-4c28-abe2-ad39e8eb4f55,mining.gripe,available,6.98,8.98,high,low,6,namecheap,,,30/09/2026 04:33
f0ec2a20-13cd-4775-9270-9cb19f3fe03d,mining.phd,premium,340.72,340.72,high,low,6,spaceship,,,30/09/2026 04:33
016c1f6f-2ed0-4a1b-a1b6-63445fc555ff,mining.cruises,available,56.99,56.99,high,low,6,namesilo,,,30/09/2026 04:33
5a5dc789-735b-4a1a-8d05-a9f0df206bd7,mining.film,premium,110,110,high,low,6,dynadot,,,30/09/2026 04:33
c8b9affd-ab4f-441e-852d-e44c20dbe7b5,mining.life,resell,,,high,low,6,"Chengdu West Dimension Digital Technology Co., Ltd.",12/06/2018 22:04,12/06/2027 22:04,30/09/2026 04:33
7261db9f-f1ed-4212-b2ca-8c5f9450385e,mining.hair,available,1.24,13.97,high,low,6,spaceship,,,30/09/2026 04:33
1225c9fc-ec39-429d-9e97-696754720853,mining.business,premium,1040,1040,high,low,6,namecheap,,,30/09/2026 04:33
e6876510-7638-41ec-87b0-f80610b9e101,mining.mobile,premium,660,660,high,low,6,dynadot,,,30/09/2026 04:33
d028c9b1-740a-4109-925d-21795bede69f,mining.voto,available,10.55,55.93,high,low,6,spaceship,,,30/09/2026 04:33
7cd90126-dc4a-4e43-805a-97d8c8c8a940,mining.realty,available,109.99,299,high,low,6,namesilo,,,30/09/2026 04:33
fcb16e33-d24d-4b17-a356-6431baba692a,mining.global,premium,4140.2,51.95,high,low,6,spaceship,,,30/09/2026 04:33
9e0e50a2-0e3c-41f4-b146-f5c3f7e91ab0,mining.flowers,available,103.5,103.5,high,low,6,porkbun,,,30/09/2026 04:33
7011c5e4-fd83-47b6-8a1e-84180941a1ad,mining.fm,premium,201.83,87.98,high,low,6,spaceship,,,30/09/2026 04:33
23d66a43-2f8c-45d1-a60b-3c1863d2542e,mining.living,premium,362.45,517.7,high,low,6,spaceship,,,30/09/2026 04:33
ebb97387-e9dc-4bb4-8977-ee86870d8244,mining.ac,available,45,45,high,low,6,cloudflare,,,30/09/2026 04:33
7e934942-6236-4ce3-86e8-910c5ce7e364,mining.adult,available,51.95,98.53,high,low,6,spaceship,,,30/09/2026 04:33
cc9a4829-d55c-4d90-8ab9-6234cf495d3a,mining.republican,available,5.38,26,high,low,6,spaceship,,,30/09/2026 04:33
c260c555-2c59-491f-b229-128acf06c9a1,mining.fast,premium,103.7,102.67,high,low,6,spaceship,,,30/09/2026 04:33
19c33eeb-7338-4eea-b373-9606739892a4,min.ing,premium,39000,39000,high,low,6,namecheap,,,30/09/2026 04:33
bbc7fe2d-4a4e-4c99-845c-b740e197c333,mining.vana,available,2140.22,2140.22,high,low,6,dynadot,,,30/09/2026 04:33
68f53a93-0a4f-4f00-b4e9-f6d791e01dc3,mining.productions,available,10.99,40.49,high,low,6,namesilo,,,30/09/2026 04:33
0d354bf9-4d5f-4aa9-91ac-aca4b27fbe69,mineral.gold,premium,242,242,high,low,7,namesilo,,,08/09/2026 16:39
92873a61-8c14-4ef5-80ca-818269c00656,mineral.diamonds,available,54.99,54.99,high,low,7,namesilo,,,08/09/2026 16:39
e1e6317b-640c-4095-8b59-bdd5d2ba3b39,mineral.xyz,resell,,,high,low,7,Squarespace Domains II LLC,11/07/2016 22:07,11/07/2027 23:59,26/09/2026 07:34
fb88c90b-2671-407b-9385-c166f1e556d4,mineral.contractors,available,35.49,35.49,high,low,7,namesilo,,,08/09/2026 16:39
17789d38-2992-49ca-98a5-aa4e2ec74093,mineral.zip,premium,167.7,167.7,high,low,7,namecheap,,,08/09/2026 16:39
2c2f01ca-a736-4d57-a2c2-d2bb61f38fbc,mineral.page,premium,70.21,70.21,high,low,7,namesilo,,,08/09/2026 16:39
4cd2fec5-01f4-4ded-a653-a07dd34ae94d,mineral.moda,available,41.99,41.99,high,low,7,namesilo,,,08/09/2026 16:39
f9d11c02-a984-4206-bc4b-00a7cc74afe7,mineral.attorney,available,62.99,62.99,high,low,7,namesilo,,,08/09/2026 16:39
ea9d6c8d-f734-4773-bff6-48437c2168d4,mineral.jewelry,available,64.99,64.99,high,low,7,namesilo,,,08/09/2026 16:39
0d5271c5-0804-4aeb-89c4-8614e5735db1,mineral.mobile,premium,780,780,high,low,7,namecheap,,,08/09/2026 16:39
3acf50bf-88fa-4902-9f60-8d15abd070d0,mineral.archi,available,14.98,132.98,high,low,7,namecheap,,,08/09/2026 16:39
caa2b678-155c-47bb-9c46-c01fc07f7a02,mineral.bot,premium,116,116,high,low,7,namesilo,,,08/09/2026 16:39
a9b31345-fdf2-49cb-967c-58b7fda09217,mineral.bz,available,21.98,26.98,high,low,7,namecheap,,,08/09/2026 16:39
4d140538-d05c-4642-bb8e-a9a6f2b651a1,mineral.markets,premium,85.8,85.8,high,low,7,namecheap,,,08/09/2026 16:39
3d46bdb0-72e7-4631-a178-621f3b226eb8,mineral.la,available,27.99,27.99,high,low,7,namesilo,,,04/09/2026 13:48
323ccb39-85f1-499d-a6b6-21c24a3114c0,mineral.villas,available,59.99,59.99,high,low,7,namesilo,,,08/09/2026 16:39
1c398651-87d1-43d4-a9a5-76a6f264c789,mineral.courses,available,1.98,50.98,high,low,7,namecheap,,,08/09/2026 16:39
20c9a0df-de95-4489-9fbe-20e92c8abe48,mineral.vip,premium,1107,17.7,high,low,7,namesilo,,,08/09/2026 16:39
d0649760-5190-4718-b80b-fdc0d8b2269f,mineral.forex,available,11.98,133.98,high,low,7,namecheap,,,08/09/2026 16:39
7b0ba597-7a76-40b3-a315-122a15b14768,mineral.football,available,25.99,25.99,high,low,7,namesilo,,,08/09/2026 16:39
e5f30888-f683-48ac-aebe-ca3534ce1dc4,mineral.toys,available,14.98,82.48,high,low,7,namecheap,,,08/09/2026 16:39
95afbc00-a1e3-4dda-b4df-add938b8b779,mineral.dentist,available,63.98,81.98,high,low,7,namecheap,,,08/09/2026 16:39
e2ac2358-40ab-41b4-8752-afbffb8a8b18,mineral.food,premium,63.7,91,high,low,7,namecheap,,,08/09/2026 16:39
24507502-81e4-484d-836e-7219b27fe830,mineral.camp,available,62.99,62.99,high,low,7,namesilo,,,08/09/2026 16:39
5aa7269f-f41a-483c-b655-20540e75892b,mine.jewelry,available,64.99,64.99,high,low,4,namesilo,,,25/09/2026 09:26
d2b6d038-ef6b-4c96-b88a-9d2719d157a6,mineral.hospital,available,55.98,71.98,high,low,7,namecheap,,,08/09/2026 16:39
5624f4fe-f075-42a6-8d86-75a188b0d005,mineral.catering,available,38.99,38.99,high,low,7,namesilo,,,08/09/2026 16:39
a63d6f4f-e4af-4180-82b3-620bf1501d96,mineral.domains,available,42.99,42.99,high,low,7,namesilo,,,08/09/2026 16:39
e3433caa-518a-48f8-98cf-329007667ff0,mineral.inc,premium,2015,2600,high,low,7,namecheap,,,08/09/2026 16:39
39ef8dba-e084-4ea1-9c97-5eeea8cdfa73,mineral.voyage,available,58.99,58.99,high,low,7,namesilo,,,08/09/2026 16:39
83cfffe0-f837-40f2-8c3f-f4c2b3e75102,mineral.limited,available,36.99,36.99,high,low,7,namesilo,,,08/09/2026 16:39
1d37db3a-1798-46f1-a3ff-3214ac9146dc,mineral.gmbh,available,45.99,45.99,high,low,7,namesilo,,,08/09/2026 16:39
631dc591-51b6-4f8c-8725-2feada33ce98,mineral.ong,available,18.98,24.98,high,low,7,namecheap,,,08/09/2026 16:39
dbeff412-c406-46e5-92b6-6a955c62fc9a,mineral.repair,available,5.98,47.48,high,low,7,namecheap,,,08/09/2026 16:39
d07a9d03-d892-432b-8b9b-9f918b8fc7e5,mineral.salon,available,55.98,69.98,high,low,7,namecheap,,,08/09/2026 16:39
9c3ab82a-b8b5-43ba-9e90-cd7aa89f2fd6,mineral.osaka,available,32.98,41.98,high,low,7,namecheap,,,08/09/2026 16:39
78173871-cb0f-404b-a30b-40e2a88f83f9,mineral.gay,premium,53.92,53.92,high,low,7,namesilo,,,08/09/2026 16:39
8d093e05-3e6f-4f20-bbf9-a6a8ec44e0a9,mineral.win,premium,448,53.92,high,low,7,namesilo,,,08/09/2026 16:39
164c0656-4003-4c31-a7a4-45438aeab894,mineral.ac,available,28.98,76.98,high,low,7,namecheap,,,08/09/2026 16:39
cfc0222b-882b-4ede-927d-e33c8f6cc226,mineral.cc,resell,,,high,low,7,Unstoppable Domains Inc.,24/02/2022 22:39,24/02/2027 22:39,26/09/2026 07:34
4b85b380-8724-4944-915c-a0f958e4b2b2,mineral.protection,available,1999.99,2049.99,high,low,7,namesilo,,,08/09/2026 16:39
42309606-ee90-4a92-9cb6-9630f25ce89f,mineral.poker,available,5.98,85.98,high,low,7,namecheap,,,08/09/2026 16:39
706dd729-e477-40e9-955f-3eb842c71e03,mineral.rodeo,premium,47.2,11.8,high,low,7,namesilo,,,08/09/2026 16:39
957a4486-7b5d-45d0-8b4f-7eb9f599f83f,mineral.rent,available,1.5,81.98,high,low,7,namecheap,,,08/09/2026 16:39
de0b45ad-f94b-478f-873a-c1de32872e63,mineral.guide,available,41.49,41.49,high,low,7,namesilo,,,08/09/2026 16:39
04815ef1-fcdb-4c5c-8710-3b6217b4214b,extraction.jewelry,available,51.95,51.95,high,low,10,spaceship,,,29/09/2026 06:50
b7e4a411-390e-4aee-8186-3e41c4c271ef,mineral.faith,available,11.99,11.99,high,low,7,namesilo,,,08/09/2026 16:39
2cbc2ec1-b566-4b4e-8764-78815535d3e8,mineral.tattoo,available,2.98,48.98,high,low,7,namecheap,,,08/09/2026 16:39
6683142a-5b4a-4759-8432-016509beaefd,mineral.auto,available,1999.99,2199,high,low,7,namesilo,,,08/09/2026 16:39
2d279697-c2fa-4c9c-8d38-ac67d6c42444,mineral.health,premium,1107,71.4,high,low,7,namesilo,,,24/08/2026 23:41
583e075e-19fe-45f8-90fe-00fb770a39de,mineral.auction,premium,242,242,high,low,7,namesilo,,,08/09/2026 16:39
3b4009e6-d759-486b-b116-04c211bc9713,mineral.host,available,4.99,109.99,high,low,7,namesilo,,,08/09/2026 16:39
93de1348-768b-4060-aa65-9925fb58465d,mineral.talk,premium,71.4,71.4,high,low,7,namesilo,,,08/09/2026 16:39
a3e8abd5-d2e5-418e-a13e-ef0af0767a80,mineral.top,premium,266.5,266.5,high,low,7,namesilo,,,08/09/2026 16:39
f01b7ad5-cecf-441b-a708-646e6c8a6b46,ore.xyz,resell,,,high,low,3,,,,30/09/2026 02:25
89ee3159-7c55-47f2-ac85-c53c12a00760,mineral.christmas,available,1.8,49.98,high,low,7,namecheap,,,08/09/2026 16:39
aaf6b26f-f691-40fe-a9f9-1ade08fe9d92,mineral.surgery,available,54.99,54.99,high,low,7,namesilo,,,08/09/2026 16:39
e8ea4652-2a5b-41cc-a3f0-3c9b2c3dd58a,mine.contractors,available,36.98,39.98,high,low,4,namecheap,,,25/09/2026 09:26
f1467335-6445-41c2-a1db-872380badc9f,mineral.moe,available,13.99,13.99,high,low,7,namesilo,,,08/09/2026 16:39
85b038aa-ee31-4b05-9f5f-a55fe12eeb6f,mineral.prof,premium,115.7,115.7,high,low,7,namecheap,,,08/09/2026 16:39
9ad24c6d-5a83-4855-9e96-f3dcbb3b10bb,mineral.day,premium,76.7,76.7,high,low,7,namecheap,,,08/09/2026 16:39
c4cee4f6-9b0a-4595-8cad-264295e876c2,mineral.monster,available,1.5,21.98,high,low,7,namecheap,,,08/09/2026 16:39
441ea6b7-e039-4a65-adf2-cfb74bd68eee,mine.luxury,available,,,high,low,4,,,,25/09/2026 09:26
69b6712f-5e3b-4988-bf65-1bf9fc40e406,mineral.diet,available,104.99,114.99,high,low,7,namesilo,,,08/09/2026 16:39
b640ea37-b802-48cb-a796-802eb87a558b,mineral.farm,available,4.98,49.98,high,low,7,namecheap,,,08/09/2026 16:39
82264702-f6a5-420e-9858-387ac612af85,mineral.financial,available,17.48,66.98,high,low,7,namecheap,,,08/09/2026 16:39
7cbef0e2-62d0-4773-9183-325b2a15545b,mineral.vet,available,41.99,41.99,high,low,7,namesilo,,,08/09/2026 16:39
7c839786-0f67-42a8-ac35-e55b712de6d2,mineral.fast,premium,53.92,53.92,high,low,7,namesilo,,,08/09/2026 16:39
2ca1ec28-b473-4d01-98b9-be26edbcaea1,mineral.berlin,available,79.98,89.98,high,low,7,namecheap,,,08/09/2026 16:39
af057cdc-bb24-4b92-94e5-fed29260ce42,mineral.solar,available,64.99,64.99,high,low,7,namesilo,,,08/09/2026 16:39
db00a05f-461e-4725-a039-e861685c322d,mineral.camera,available,58.99,58.99,high,low,7,namesilo,,,08/09/2026 16:39
41b0776e-bc0d-410a-a0eb-e9ff6713ab19,mineral.travel,available,23.98,186.98,high,low,7,namecheap,,,08/09/2026 16:39
db2c172e-89a0-4671-b91b-710ab6feea67,mineral.vegas,available,12.99,43.99,high,low,7,namesilo,,,08/09/2026 16:39
6bd9470e-5415-4054-830e-92da537a1ba7,mineral.ceo,available,9.99,146.98,high,low,7,namecheap,,,08/09/2026 16:39
a3f27b73-45e6-476b-bce4-f94f63b3d0f4,mineral.bargains,available,14.98,37.98,high,low,7,namecheap,,,08/09/2026 16:39
65fe4de1-d2c6-4725-9a9d-3fd017e52c44,mineral.broker,available,11.98,47.98,high,low,7,namecheap,,,08/09/2026 16:39
232efac5-e808-48d6-b5b7-c77fa7dd5e02,mineral.world,resell,,,high,low,7,"DNSPod, Inc.",28/03/2020 08:38,28/03/2027 08:38,26/09/2026 07:34
1694aa8c-4069-4100-aab6-eaa33a036e6e,mineral.sbs,premium,68.43,147.2,high,low,7,namesilo,,,08/09/2026 16:39
2c3f5d20-42a6-4f8f-b12e-cec0769dd0ae,mine.cyou,premium,390,780,high,low,4,namecheap,,,25/09/2026 09:26
6d895151-3454-4388-8009-e62c9be33988,mineral.ooo,available,24.99,24.99,high,low,7,namesilo,,,08/09/2026 16:39
73277032-6b91-4d08-abb0-a7c791291bac,mineral.chat,resell,,,high,low,7,"Xiamen ChinaSource Internet Service Co., Ltd",10/04/2026 15:15,10/04/2027 15:15,26/09/2026 07:34
12020994-5105-4c12-9423-07b6069d4f54,mine.flowers,available,64.99,114.99,high,low,4,namesilo,,,25/09/2026 09:26
68955cad-e82d-46f8-bbf0-268cb7a24dd0,extraction.engineer,available,31.25,31.25,high,low,10,spaceship,,,29/09/2026 06:50
9d4ca3bc-1127-4037-a52a-3c22c3911f1a,mineral.skin,premium,832,832,high,low,7,namesilo,,,08/09/2026 16:39
7aa17da2-e364-4343-a7ef-41828263cf45,extraction.my,available,2.37,26.06,high,low,10,porkbun,,,29/09/2026 06:50
c57bf1a1-b5b2-40a3-bc08-d747b05f0394,mineral.mba,available,11.98,49.98,high,low,7,namecheap,,,08/09/2026 16:39
30b94bae-5999-42bc-a9c4-79f2300b9679,mineral.flights,available,23.98,75.98,high,low,7,namecheap,,,08/09/2026 16:39
6688e9d1-25e5-4cda-9e30-f550ac2648d2,mine.moi,available,25.99,25.99,high,low,4,namesilo,,,25/09/2026 09:26
b20190eb-43f5-4097-83a8-f2de5a54d7ff,extraction.parts,available,9.52,33.32,high,low,10,spaceship,,,29/09/2026 06:50
ea0147e9-b3a7-4522-89e1-59b1a6f7b5a0,mineral.help,premium,83.3,116,high,low,7,namesilo,,,08/09/2026 16:39
c4c9d7ff-53db-420f-91da-0fef2fc6c4bd,mine.yoga,available,33.98,45.98,high,low,4,namecheap,,,25/09/2026 09:26
4a36e8ac-2cf1-41b4-b493-406592740eac,mine.nexus,premium,648.7,648.7,high,low,4,namecheap,,,25/09/2026 09:26
3990b8e7-b08f-4129-80b5-970d48108072,mineral.careers,available,28.98,89.98,high,low,7,namecheap,,,08/09/2026 16:39
cbc5cd7a-b54b-474e-88b3-63498e389287,mineral.spot,premium,116,116,high,low,7,namesilo,,,08/09/2026 16:39
135d1018-860b-4bb8-af5c-cd8815537d33,mine.link,resell,,,high,low,4,"DNSPod, Inc.",23/11/2020 14:35,23/11/2026 14:35,26/09/2026 07:34
28d22e6f-f48f-4327-9214-2bb7b69ed230,mine.kids,premium,384,21.24,high,low,4,namesilo,,,25/09/2026 09:26
829f2301-bca5-45a0-aa94-cce3bbde5206,excavation.luxury,available,,,high,low,10,,,,20/09/2026 01:55
dfd4665c-3672-48a4-835e-19e2dee2bc97,mine.hospital,available,55.98,71.98,high,low,4,namecheap,,,25/09/2026 09:26
51cf9595-4875-4502-8c16-d381e406f455,extraction.racing,premium,116,116,high,low,10,namesilo,,,29/09/2026 06:50
77cb4223-7f80-4959-8464-3ac4665dcdf8,mine.hiphop,available,23.99,23.99,high,low,4,namesilo,,,25/09/2026 09:26
18695c88-8004-4464-a963-d57ef429c1cd,mineral.flowers,available,64.99,114.99,high,low,7,namesilo,,,08/09/2026 16:39
b45bc101-c07a-4c73-b272-c33515d02011,mineral.equipment,available,28.99,28.99,high,low,7,namesilo,,,08/09/2026 16:39
ed488c8a-31cf-4ee6-bae4-1683aec1bb57,mineral.lifestyle,premium,63.7,91,high,low,7,namecheap,,,08/09/2026 16:39
e1a82231-43f2-4733-96ec-a029e96d0f4d,mineral.gives,available,7.48,37.98,high,low,7,namecheap,,,08/09/2026 16:39
535c75e5-dbf6-44aa-a80f-ea3356b5297a,mineral.ltda,available,34.99,34.99,high,low,7,namesilo,,,08/09/2026 16:39
abaadaf6-dffc-4e96-a665-27b4c3f4a888,mine.boston,available,23.49,23.49,high,low,4,namesilo,,,25/09/2026 09:26
35775a2c-f5de-4b74-b643-03a9ee4b5095,mineral.barcelona,available,38.98,38.98,high,low,7,namecheap,,,08/09/2026 16:39
e0429456-07c1-4022-bb95-9f76eb6b6cff,mineral.college,available,1.5,81.98,high,low,7,namecheap,,,08/09/2026 16:39
19691d26-e143-4fc0-acfd-ebc018c0f136,mine.ltd,resell,,,high,low,4,"Xiamen ChinaSource Internet Service Co., Ltd",22/11/2024 17:00,22/11/2026 17:00,26/09/2026 07:34
59a5730f-7ae8-4a06-8a79-be3142d26695,mine.how,premium,423.75,423.75,high,low,4,name.com,,,25/09/2026 09:26
02faec6d-e245-479b-a6a9-62273c74b60b,mine.exposed,available,22.49,22.49,high,low,4,namesilo,,,25/09/2026 09:26
b69c78f5-872d-4ba2-9042-2775e141e574,mineral.vote,available,23.98,119.98,high,low,7,namecheap,,,08/09/2026 16:39
63ad93dc-4250-461c-a506-b47a529ba9fa,mine.reviews,premium,242,242,high,low,4,namesilo,,,25/09/2026 09:26
60156122-4949-4f6a-a0ac-a6c6b4dc984c,mineral.cash,available,4.98,50.98,high,low,7,namecheap,,,08/09/2026 16:39
9101ff06-a641-4323-81c1-c04dd50c0ba5,extraction.archi,available,13.14,83,high,low,10,spaceship,,,29/09/2026 06:50
11a398fd-1835-498f-b673-27c96d0f2da5,mineral.education,available,34.99,34.99,high,low,7,namesilo,,,08/09/2026 16:39
a18b2aa6-ed5c-4446-badc-cb48ceab0ca8,mineral.ninja,available,11.98,42.98,high,low,7,namecheap,,,08/09/2026 16:39
9e8f5d07-f4fd-4b76-bb65-2e8aefcff5e0,mineral.icu,premium,68.43,147.2,high,low,7,namesilo,,,08/09/2026 16:39
c32d313e-da26-41f5-9b07-921ae134997e,mine.meme,premium,845,845,high,low,4,namecheap,,,25/09/2026 09:26
297f4043-02fa-45b3-b4b3-ca5f47c0354e,mineral.irish,available,5.98,31.98,high,low,7,namecheap,,,08/09/2026 16:39
c1c3edca-a35c-41ae-b202-3bd0e3ccffbb,excavation.contractors,premium,38.94,38.94,high,low,10,namesilo,,,20/09/2026 01:55
31d77dcd-4407-44b7-a83f-6bd320c4a5d8,pit.xyz,resell,,,high,low,3,Dynadot Inc,02/06/2019 16:46,02/06/2030 23:59,26/09/2026 08:10
d5697f24-a7d8-4a26-8ca2-5da1e0889933,mineral.shiksha,available,11.98,69.98,high,low,7,namecheap,,,08/09/2026 16:39
61eec43c-4a09-4bbe-bf58-67e6b3fec5a8,mineral.school,available,36.49,36.49,high,low,7,namesilo,,,08/09/2026 16:39
21c510bc-e4f8-4d9f-907d-da5c371726c8,excavation.construction,available,38.99,38.99,high,low,10,namesilo,,,20/09/2026 01:55
39f08cfb-0371-475a-8b6e-23b387292110,mineral.you,premium,53.92,53.92,high,low,7,namesilo,,,08/09/2026 16:39
fec6ed52-fb4c-4b53-bb3e-ba24ce2f31b1,extraction.cv,premium,1339.98,8.85,high,low,10,namesilo,,,29/09/2026 06:50
c0d7df18-72de-4710-8250-51447f108147,excavation.financial,available,17.48,66.98,high,low,10,namecheap,,,20/09/2026 01:55
d346f932-88c8-41a5-911d-8a86426db82e,excavation.earth,available,18.99,18.99,high,low,10,namesilo,,,20/09/2026 01:55
08fbe2c2-ab38-42fd-8ec7-25013231233f,excavation.auction,available,36.99,36.99,high,low,10,namesilo,,,20/09/2026 01:55
a3c2761f-219b-4705-bb97-e1d64305f88f,excavation.supplies,available,25.48,32.48,high,low,10,namecheap,,,20/09/2026 01:55
90585ab5-212b-4428-a538-314f5240e476,mineral.stream,premium,640,77.35,high,low,7,namesilo,,,08/09/2026 16:39
2f818d2a-3786-4237-b8c2-76f24c7eb57a,ore.us,resell,,,high,low,3,"GoDaddy.com, LLC",11/07/2018 00:11,11/07/2027 00:11,30/09/2026 02:25
aee85bb0-a411-4658-8f91-f6d858b453cb,mineral.degree,available,52.99,52.99,high,low,7,namesilo,,,08/09/2026 16:39
ce30b4af-3334-44ca-94f2-9714e61f5999,excavation.site,premium,640,640,high,low,10,namesilo,,,20/09/2026 01:55
629538cb-6968-4951-8e63-6547897a3511,mine.vana,available,3999.99,3999.99,high,low,4,name.com,,,25/09/2026 09:26
d4f84541-14ad-4933-a8d4-f4887a05aa93,extraction.software,available,16.22,34.35,high,low,10,dynadot,,,29/09/2026 06:50
2af4e93f-c9fd-42a0-92ca-e28f5ef811fa,mine.team,resell,,,high,low,4,"DNSPod, Inc.",14/10/2020 08:15,14/10/2027 08:15,26/09/2026 07:34
e3323258-9333-4e4a-a1e4-c53cb8874a0d,mineral.makeup,premium,832,832,high,low,7,namesilo,,,08/09/2026 16:39
b734e7d9-1b9b-4412-8461-7ed1f2712eaa,mine.auto,available,1999.99,2199,high,low,4,namesilo,,,25/09/2026 09:26
503878bb-f4a6-403d-b157-2c7eea1ab4c6,excavation.jewelry,available,64.99,64.99,high,low,10,namesilo,,,20/09/2026 01:55
5209f20e-73cf-4994-89ed-61b379c10b0a,extraction.fan,available,43.67,43.67,high,low,10,spaceship,,,29/09/2026 06:50
06067d73-112d-4831-9a74-eec67b7847e0,mineral.parts,available,10.48,45.98,high,low,7,namecheap,,,08/09/2026 16:39
6ae55ea7-d309-494d-8c25-9e2543ed32cd,excavation.help,available,2.19,32.49,high,low,10,namesilo,,,20/09/2026 01:55
a905ef08-a7e3-45b8-9dd2-000feb0a7ef6,mine.forum,premium,116,116,high,low,4,namesilo,,,25/09/2026 09:26
c83cfaee-bfad-4988-9a68-7cdec5967517,extraction.qpon,available,1.54,9.66,high,low,10,porkbun,,,29/09/2026 06:50
4f8df90d-f9a8-48b5-9523-ac9ff088a3b6,mineral.living,premium,63.7,91,high,low,7,namecheap,,,08/09/2026 16:39
ab42133f-cc48-478e-a477-69fb43343471,mineral.buzz,premium,512,116,high,low,7,namesilo,,,08/09/2026 16:39
4749ee87-372e-4a35-9d4c-103e3c28228b,extraction.bz,available,16.79,16.79,high,low,10,porkbun,,,29/09/2026 06:50
6f873442-c5f9-478f-b928-44a14695be4a,mineral.casino,available,6.98,191.98,high,low,7,namecheap,,,08/09/2026 16:39
b9fb7031-1d4d-492c-a133-59b3e5d0bd90,extraction.express,available,12.49,39.99,high,low,10,namesilo,,,29/09/2026 06:50
f22993f3-2970-4b96-a25f-7814e4b78bce,mineral.bond,premium,68.43,147.2,high,low,7,namesilo,,,08/09/2026 16:39
2f270674-5e53-4a6c-8fd0-63493dd78ad5,mineral.adult,available,69.98,166.98,high,low,7,namecheap,,,08/09/2026 16:39
945fd857-6a8c-4c86-9177-822e5ca4a602,ore.page,premium,133.72,133.72,high,low,3,spaceship,,,30/09/2026 02:25
7edb4465-1b27-4a49-aeed-6ad5e6e1b4f0,mineral.clothing,available,31.98,35.68,high,low,7,namecheap,,,08/09/2026 16:39
95ba5bf4-9d89-47e1-98e3-bbc30696c9c8,ore.shoes,available,50.2,50.2,high,low,3,cloudflare,,,30/09/2026 02:25
99349ea7-2009-4cd9-a5b3-7a98ca5c0ae3,mine.realty,available,109.99,299,high,low,4,namesilo,,,25/09/2026 09:26
e3fa9008-4f70-43ab-b182-b336edc5059f,pit.diamonds,available,54.99,54.99,high,low,3,namesilo,,,24/09/2026 13:22
738b2904-e803-4a3a-b9ca-bc85f2075a93,extraction.memorial,available,41.6,41.6,high,low,10,spaceship,,,29/09/2026 06:50
e6a38ef6-9fe0-4b2e-9bda-910e17c760d6,excavation.ooo,available,24.99,24.99,high,low,10,namesilo,,,20/09/2026 01:55
717c61ec-227f-4f32-ae55-0498c1b91b8b,excavation.properties,available,18.99,39.99,high,low,10,namesilo,,,20/09/2026 01:55
e4f57f1c-f16d-4c21-81d8-c938c90fe564,mine.attorney,available,62.99,62.99,high,low,4,namesilo,,,25/09/2026 09:26
5ba624fd-c850-4b02-82e8-a6dc3110d1d7,ore.audio,available,93.35,103.4,high,low,3,spaceship,,,30/09/2026 02:25
1943444f-0bde-4e6d-890e-c9084330dbd2,mine.solutions,resell,,,high,low,4,Squarespace Domains II LLC,14/08/2024 17:00,14/08/2027 17:00,26/09/2026 07:34
7761d5cb-f0f9-4569-8690-b41d278fb1c8,ore.direct,available,32.2,32.2,high,low,3,cloudflare,,,30/09/2026 02:25
f515a98d-6778-4d56-8f63-0f7f2d9f7dab,ore.cooking,premium,41.6,26.08,high,low,3,spaceship,,,30/09/2026 02:25
96a60733-2097-4084-a899-2ad3861e1a36,extraction.one,resell,,,high,low,10,,,,29/09/2026 06:50
c4606eab-c054-4910-b022-8f23bd0c7e04,ore.contact,available,14.99,14.99,high,low,3,namesilo,,,30/09/2026 02:25
17e12ddb-a25a-4343-8a92-b0698e7ab952,extraction.properties,available,18.99,39.99,high,low,10,namesilo,,,29/09/2026 06:50
4e6ba347-f595-47bb-9a99-cad383ddd4d5,ore.construction,premium,108.9,108.9,high,low,3,dynadot,,,30/09/2026 02:25
c0a36796-8c1c-4a3e-963a-d43c89c49888,mine.apartments,available,57.99,57.99,high,low,4,namesilo,,,25/09/2026 09:26
13263077-64bc-43c5-af4a-9998c98b7196,excavation.tattoo,available,34.99,34.99,high,low,10,namesilo,,,20/09/2026 01:55
e93d8add-3169-4a92-9b60-976559a410c0,ore.diamonds,available,42.2,42.2,high,low,3,cloudflare,,,30/09/2026 02:25
7ca6a1c6-8c5f-4d4f-b4e6-3a234470c1b1,mineral.dental,available,78.99,78.99,high,low,7,namesilo,,,08/09/2026 16:39
00e1089b-e58b-473a-a2a0-7e15382f6e55,excavation.cars,available,1999.99,2199,high,low,10,namesilo,,,20/09/2026 01:55
73783f05-43a0-47cc-b5fb-ced6c4ece1f3,extraction.ooo,available,24.99,24.99,high,low,10,namesilo,,,29/09/2026 06:50
0a253c47-ad5c-4835-bfde-5b161ad379dd,ore.holdings,available,51.95,51.95,high,low,3,spaceship,,,30/09/2026 02:25
7231bd62-5a7d-484e-9d22-6fc45c502a54,extraction.name,available,8.98,9.98,high,low,10,namecheap,,,29/09/2026 06:50
851615b3-0afb-4981-a23b-50ba8d63696e,excavation.mba,available,17.99,39.99,high,low,10,namesilo,,,20/09/2026 01:55
ef33b4e8-4b81-4473-b730-cf51e7054911,extraction.yoga,available,26.08,26.08,high,low,10,spaceship,,,29/09/2026 06:50
cf9548a0-0ed4-4c4d-9d7a-3305a8f985bb,mineral.phd,premium,115.7,115.7,high,low,7,namecheap,,,08/09/2026 16:39
3bc6a516-1ffc-4a8c-830b-69525cc61683,extraction.builders,available,27.2,27.2,high,low,10,cloudflare,,,29/09/2026 06:50
8dad2071-df66-4ae4-9a73-30a3ce223f04,excavation.sex,available,69.98,154.98,high,low,10,namecheap,,,20/09/2026 01:55
fabacfad-8430-4e12-aa87-e7b90aa7e71e,excavation.hiphop,available,23.99,23.99,high,low,10,namesilo,,,20/09/2026 01:55
0bafc1cc-4c05-48c3-8977-8c1cbae860d5,ore.wedding,premium,41.6,26.08,high,low,3,spaceship,,,30/09/2026 02:25
3fa7f133-0967-40cc-93c7-d576361c4968,mineral.photo,available,29.99,29.99,high,low,7,namesilo,,,08/09/2026 16:39
8e64fcff-a1be-4137-bd87-efa96b41525c,ore.catering,available,31.25,31.25,high,low,3,spaceship,,,30/09/2026 02:25
abbd04e0-9fd7-42f6-982c-2a78abec7e93,excavation.love,available,9.99,28.99,high,low,10,namesilo,,,20/09/2026 01:55
c9bc3b2e-8dfd-4123-bc77-930bec5aee95,extraction.bar,available,3.49,54.99,high,low,10,namesilo,,,29/09/2026 06:50
f54000b0-e03c-4d18-8d4d-f8ee1d55995c,excavation.host,available,4.99,109.99,high,low,10,namesilo,,,20/09/2026 01:55
7b410eae-e66b-4067-9106-f9fc2395e60d,excavation.gmbh,available,45.99,45.99,high,low,10,namesilo,,,20/09/2026 01:55
9e3680db-cb11-4515-9568-ee2622f19771,mineral.so,available,68.98,,high,low,7,namecheap,,,
2b98920b-07f4-48e5-81ec-eb11e15cf7e3,excavation.yoga,available,32.49,32.49,high,low,10,namesilo,,,20/09/2026 01:55
43dfda37-e1df-48e5-850f-df2858f4c0bc,extraction.webcam,available,11.99,11.99,high,low,10,namesilo,,,29/09/2026 06:50
a106e96b-dd05-4b7e-990a-4c65a120b75c,extraction.camera,available,58.99,58.99,high,low,10,namesilo,,,29/09/2026 06:50
419de7f7-09dd-4869-bcb3-2d9271740c02,mineral.vacations,available,38.99,38.99,high,low,7,namesilo,,,08/09/2026 16:39
eeada241-b984-410d-9b0c-308d25415e82,mineral.biz,premium,224,21.24,high,low,7,namesilo,,,08/09/2026 16:39
8369f9b9-d659-4490-a837-31ea9cfc345f,mine.limo,available,54.99,54.99,high,low,4,namesilo,,,25/09/2026 09:26
ed38dc1b-89a0-4e82-b558-e55dd92d1fbf,excavation.photo,available,29.99,29.99,high,low,10,namesilo,,,20/09/2026 01:55
d3c0a621-82d0-4d47-af78-f204e9eabca5,ore.camp,available,65.98,78.98,high,low,3,namecheap,,,30/09/2026 02:25
6fd3eccd-20f4-494d-a447-5c34b695d247,excavation.engineer,available,38.99,38.99,high,low,10,namesilo,,,20/09/2026 01:55
f45fc9b2-e2ec-457e-8184-cbc118d884de,mine.rentals,available,6.98,56.98,high,low,4,namecheap,,,25/09/2026 09:26
cabf2999-91cf-4612-b655-9f57b25e42e9,excavation.report,available,10.48,34.48,high,low,10,namecheap,,,20/09/2026 01:55
442f0eae-0cb5-45f1-a543-f975a7e5a59b,excavation.family,available,39.99,39.99,high,low,10,namesilo,,,20/09/2026 01:55
af9c4164-a588-48d5-bd91-064689860cbc,ore.equipment,available,22.97,22.97,high,low,3,spaceship,,,30/09/2026 02:25
dc371c65-aa01-4538-9d1b-5aa01b2df6c6,extraction.sydney,available,44.98,54.98,high,low,10,namecheap,,,29/09/2026 06:50
b322a52e-f173-4b2b-b840-be3ac5f3800b,excavation.guitars,available,108.98,159.98,high,low,10,namecheap,,,20/09/2026 01:55
b1dcc5fa-54f4-41b4-a390-bb325ed11168,mine.accountants,available,43.99,153.99,high,low,4,name.com,,,25/09/2026 09:26
bf3fdc6e-6c2c-4a90-8b3a-5d5a2315a064,mine.capital,resell,,,high,low,4,Dynadot Inc,02/06/2026 15:16,02/06/2028 15:16,26/09/2026 07:34
62c42b82-c338-4714-b9fc-f8aef62b5b88,excavation.charity,available,14.99,23.99,high,low,10,namesilo,,,20/09/2026 01:55
90019415-3787-4a8c-8c4c-578dea11dd51,extraction.photos,available,8.24,24.83,high,low,10,dynadot,,,29/09/2026 06:50
23fd8295-7b3a-43a6-b868-eed4a3d881c4,ore.bike,premium,,,high,low,3,,,,30/09/2026 02:25
c76141ed-d1fa-4bc7-a2af-0e9e325a6b5f,excavation.gratis,available,23.99,23.99,high,low,10,namesilo,,,20/09/2026 01:55
147aad9c-9839-4cc7-8939-39dcba6062f2,mineral.place,available,22.49,22.49,high,low,7,namesilo,,,08/09/2026 16:39
96b6090a-65b7-44d9-8776-63ccad84faf7,mineral.supplies,resell,,,high,low,7,Dynadot Inc,07/04/2026 12:22,07/04/2027 12:22,26/09/2026 07:34
77e1529a-7c13-47fc-895a-1f270e608490,excavation.domains,available,42.99,42.99,high,low,10,namesilo,,,20/09/2026 01:55
475b6a80-9817-4b9d-93bc-3f8ccffe6934,extraction.vin,available,8.99,59.99,high,low,10,namesilo,,,29/09/2026 06:50
34e64ca5-82db-4cbc-88ad-c74a1bed2a7b,ore.fit,premium,,,high,low,3,,,,30/09/2026 02:25
c7947b16-5058-4d1f-8cca-89ea46cb6b66,extraction.kaufen,available,5.66,24.2,high,low,10,porkbun,,,29/09/2026 06:50
2b6becf6-d41c-4afe-9146-19de10c7ec97,excavation.best,available,2.35,22.99,high,low,10,namesilo,,,20/09/2026 01:55
083424fe-68ec-4ad5-962b-aff27c15234f,extraction.guitars,available,93.35,103.4,high,low,10,spaceship,,,29/09/2026 06:50
fca4a551-f5c6-41bf-ab63-e4c9ae62234b,extraction.lifestyle,available,1.24,31.25,high,low,10,spaceship,,,29/09/2026 06:50
0fac6b3a-365f-4905-baa8-e0bfe6b81faf,mineral.cards,available,38.99,38.99,high,low,7,namesilo,,,08/09/2026 16:39
955e56a5-5371-4456-b177-feda3fc63a89,ore.properties,premium,,,high,low,3,,,,30/09/2026 02:25
1c40f9c6-5886-4b45-87da-0691df28fa36,extraction.ceo,available,9.19,103.7,high,low,10,spaceship,,,29/09/2026 06:50
b68155f2-12e8-4aaf-91f5-69f2f0eb613c,excavation.direct,available,17.99,41.99,high,low,10,namesilo,,,20/09/2026 01:55
fadbb575-8f94-42da-a776-4e4ca9fdf57e,extraction.diamonds,available,43.67,43.67,high,low,10,spaceship,,,29/09/2026 06:50
00aa6e98-bd67-4edf-937b-a5b644961710,extraction.chat,available,5.38,36.43,high,low,10,spaceship,,,29/09/2026 06:50
1bb168e3-611e-45de-ae10-45cb9cc23395,mine.dealer,premium,4278,2660,high,low,4,namesilo,,,25/09/2026 09:26
d1272da0-d87b-4600-bdf8-33c16b9a3fd7,excavation.church,available,14.99,58.99,high,low,10,namesilo,,,20/09/2026 01:55
b2162bcc-03c4-46d8-9c6b-05fed1c254fe,excavation.baby,available,1.8,81.98,high,low,10,namecheap,,,20/09/2026 01:55
a91e58ca-dca6-47c6-a745-4c8b04d0dd32,excavation.how,available,30.98,41.98,high,low,10,namecheap,,,20/09/2026 01:55
2ce7c1fb-51ef-4e6b-b3cd-94871efd6a82,extraction.fun,premium,64.89,258.95,high,low,10,spaceship,,,29/09/2026 06:50
21bf6f63-88c4-479d-9275-6ab70a5b2fbd,extraction.consulting,available,27.99,54.99,high,low,10,namesilo,,,29/09/2026 06:50
cf28ced7-b898-47d7-814d-01b5bf330d75,ore.industries,premium,108.9,108.9,high,low,3,dynadot,,,30/09/2026 02:25
4376cb2e-794a-4867-919e-f9a182267be6,excavation.online,resell,,,high,low,10,UM DOMAINS PTE. LTD.,10/03/2026 12:37,10/03/2027 23:59,26/09/2026 05:55
e97dca2c-8500-49ee-9782-2b1978947a2b,ore.gripe,premium,34.36,34.36,high,low,3,spaceship,,,30/09/2026 02:25
76fbf2c3-1422-4298-993c-21dfa7b35196,ore.christmas,available,34.99,34.99,high,low,3,namesilo,,,30/09/2026 02:25
17e3ee76-bd79-401c-97fb-ce399c04cd56,metal.esq,premium,843.7,843.7,high,low,5,namecheap,,,25/09/2026 19:55
3fa79a8d-a4e7-46b4-9525-af682a29f48d,extraction.reise,available,77.83,77.83,high,low,10,spaceship,,,29/09/2026 06:50
d21549a5-4cb7-4963-b11f-4dc14114f6d1,mine.mortgage,available,62.99,62.99,high,low,4,namesilo,,,25/09/2026 09:26
64180a2c-2857-4185-8317-4f51c983c466,extraction.limited,available,8.24,30.18,high,low,10,dynadot,,,29/09/2026 06:50
8cf5e870-e111-4554-a31a-2544d4887898,mineral.pet,available,6.98,35.98,high,low,7,namecheap,,,08/09/2026 16:39
79eee06b-5b21-4875-aa10-a65b189c5609,extraction.plumbing,available,58.16,58.16,high,low,10,spaceship,,,29/09/2026 06:50
dd45afff-b616-4917-bba7-4fca7ad10c5a,mineral.cx,available,18.99,18.99,high,low,7,namesilo,,,08/09/2026 16:39
4370be06-241e-4e53-a39f-51c024e05e68,ore.forsale,premium,118.8,118.8,high,low,3,namesilo,,,30/09/2026 02:25
583191ad-5906-4d65-97ac-7a801bd0202f,metal.maison,available,60.98,69.98,high,low,5,namecheap,,,25/09/2026 19:55
19a1555f-e789-4cfa-9d5c-e8a1e572533d,excavation.ceo,available,9.99,146.98,high,low,10,namecheap,,,20/09/2026 01:55
90558c9b-866a-4a2f-be39-4dba43de13d2,metal.app,resell,,,high,low,5,"Montenegro Domains, LLC",08/05/2018 01:33,08/05/2027 01:33,26/09/2026 07:31
de9d2c48-183f-4e58-a0f9-69610f870f17,excavation.parts,available,12.99,41.99,high,low,10,namesilo,,,20/09/2026 01:55
0fed69cc-d3c7-4ddd-b9be-62c1bc0431fe,mineral.cooking,available,32.49,32.49,high,low,7,namesilo,,,08/09/2026 16:39
1dc308c8-88fe-4882-87ff-7c48d9c9f4b1,extraction.gallery,available,22.97,22.97,high,low,10,spaceship,,,29/09/2026 06:50
11ded454-f2ed-4f5e-a7f7-a1e389746c13,mine.immo,available,36.98,43.98,high,low,4,namecheap,,,25/09/2026 09:26
59943660-41cb-433a-9510-6ddc8b43f635,dig.build,premium,1950,1950,high,low,3,namecheap,,,24/09/2026 23:51
53334005-1e33-48d9-9e7b-546d4aa5f58e,mine.cool,resell,,,high,low,4,Squarespace Domains II LLC,09/04/2019 21:08,09/04/2028 21:08,26/09/2026 07:33
f21e00a8-3bc0-47e6-995f-12dd563056b1,extraction.paris,available,66.98,66.98,high,low,10,namecheap,,,29/09/2026 06:50
f4d455f7-2eaa-4378-bcb9-1bd60d8afd8b,mineral.dating,available,12.98,86.98,high,low,7,namecheap,,,08/09/2026 16:39
0d5ead38-0450-4bd9-8b7f-5af21117b6a2,excavation.mov,available,12.98,15.98,high,low,10,namecheap,,,20/09/2026 01:55
f37d09a2-ae53-4fa2-9786-41d30ba5ad25,extraction.energy,available,15.99,114.99,high,low,10,namesilo,,,29/09/2026 06:50
65cddbee-e5fe-40f9-b659-d7a2abaf4403,metal.cricket,premium,455,65,high,low,5,namecheap,,,25/09/2026 19:55
c3f159b2-8555-4237-a3cc-4118f4ec4fde,extraction.construction,available,38.99,38.99,high,low,10,namesilo,,,29/09/2026 06:50
0dd05a9c-297d-4c00-849e-b8e9a83ca599,excavation.fast,available,29.49,29.49,high,low,10,namesilo,,,20/09/2026 01:55
1f51ce4f-68bf-438a-9a3f-f7b5cf2f0e57,excavation.lgbt,available,14.99,79.99,high,low,10,namesilo,,,20/09/2026 01:55
da7b64dd-1b15-402f-9ec3-f52261a35457,metal.credit,available,9.48,131.98,high,low,5,namecheap,,,25/09/2026 19:55
598fb228-6f32-4678-bba7-2488618b80e5,excavation.gift,available,14.99,14.99,high,low,10,namesilo,,,20/09/2026 01:55
562fd0c5-1667-4128-aaa9-23f6177e3368,mine.discount,available,7.99,43.99,high,low,4,name.com,,,25/09/2026 09:26
b3f0bb06-520a-4599-b797-a7038e2fd746,ore.moda,available,32.2,32.2,high,low,3,cloudflare,,,30/09/2026 02:25
66cb8942-8eac-420b-830b-41e718a6f152,extraction.gifts,available,28.2,28.2,high,low,10,cloudflare,,,29/09/2026 06:50
4cd1b7e7-e875-45d3-aff1-ce7b410c45d8,excavation.discount,available,30.99,30.99,high,low,10,namesilo,,,20/09/2026 01:55
9d3b6a28-4ffa-45ec-9763-4f57ea6a2c74,ore.best,available,2.35,22.99,high,low,3,namesilo,,,30/09/2026 02:25
4c21f138-87d8-4ea9-a16f-18da15269432,mineral.pink,available,6.48,31.48,high,low,7,namecheap,,,08/09/2026 16:39
26c0fcd0-68e4-44b4-855d-b281661eaa44,metal.help,premium,227.5,325,high,low,5,namecheap,,,25/09/2026 19:55
d0478fa8-da85-4909-846f-a705563aaaed,mineral.fan,available,57.98,68.98,high,low,7,namecheap,,,08/09/2026 16:39
b3fae014-5a99-4715-95be-892f7b582fc4,excavation.rip,available,23.49,23.49,high,low,10,namesilo,,,20/09/2026 01:55
9f971ca2-42a6-4750-befa-69148529ed2f,extraction.education,available,34.99,34.99,high,low,10,namesilo,,,29/09/2026 06:50
5c55c39b-e407-4636-96c8-bf26d7970534,extraction.boats,available,1.99,17.29,high,low,10,namesilo,,,29/09/2026 06:50
f0700545-c561-4ce4-b610-87cfdfdcc9b6,mine.pw,resell,,,high,low,4,PDR Ltd. d/b/a PublicDomainRegistry.com,25/03/2013 10:00,25/03/2027 23:59,26/09/2026 07:34
4957a4aa-57c4-4237-8902-d91142b29fd2,excavation.support,available,8.99,26.99,high,low,10,namesilo,,,20/09/2026 01:55
7f4bb090-c74c-468f-a863-d504cbcf4aa3,extraction.games,available,35,,high,low,10,unstoppable,,,29/09/2026 06:50
abb85f01-a076-4ee4-b682-1bc9abad38f6,extraction.vacations,available,31.25,31.25,high,low,10,spaceship,,,29/09/2026 06:50
05c00040-c203-4a98-97fa-98142f3cf05d,excavation.clothing,available,32.99,32.99,high,low,10,namesilo,,,20/09/2026 01:55
053dde02-1c0e-4001-af4d-704d87fcbd5b,ore.film,premium,242,242,high,low,3,namesilo,,,30/09/2026 02:25
a829f46e-6ef8-4af4-9296-f063aafdf8dd,extraction.management,available,8.24,21.11,high,low,10,porkbun,,,29/09/2026 06:50
72f41d2b-28c1-4432-8e22-e24821f259e2,pit.my,resell,,,high,low,3,"Dynadot, LLC",27/06/2024 06:23,27/06/2027 06:23,26/09/2026 08:10
bd533f9f-2765-471e-8049-5c5a53ce0122,extraction.lawyer,available,49.88,49.88,high,low,10,spaceship,,,29/09/2026 06:50
abc3cfe8-14e1-4a2c-b6c4-753142cf54fa,mineral.voting,available,1398,1448,high,low,7,namecheap,,,08/09/2026 16:39
0c4631bb-5d24-4f62-81c4-071721876f12,metal.organic,available,19.99,,high,low,5,name.com,,,25/09/2026 19:55
da716967-670d-4f51-b62f-d464ef907ff9,metal.clinic,available,11.98,82.98,high,low,5,namecheap,,,25/09/2026 19:55
9fb5a2ae-67b0-4a05-8006-902a39a26c0c,metal.run,resell,,,high,low,5,"Sav.com, LLC - 41",07/08/2026 15:15,07/08/2027 15:15,26/09/2026 07:31
e9b977a2-11f6-49b4-b8a3-711ab0da705e,mine.photo,available,29.99,29.99,high,low,4,namesilo,,,25/09/2026 09:26
4ef48f19-fbde-4b47-bde0-1ebb2ef8ef09,excavation.audio,available,104.99,114.99,high,low,10,namesilo,,,20/09/2026 01:55
621f4be3-63d4-4b8b-8141-f328ecd0dac3,metal.memorial,available,54.98,64.98,high,low,5,namecheap,,,25/09/2026 19:55
b06f9435-18de-4a73-ab41-8c7127029c02,mine.melbourne,available,58,58,high,low,4,namesilo,,,25/09/2026 09:26
031891c1-0b1a-4e4b-b027-e627bf6b669e,ore.diy,premium,1107,1107,high,low,3,namesilo,,,30/09/2026 02:25
6ed40700-2bb2-49c6-b0e6-2dca52ed5e4e,dig.construction,premium,82.5,82.5,high,low,3,name.com,,,24/09/2026 23:51
64bddd26-6c4c-40b6-ba65-08bd5ee97c39,mineral.game,premium,1690,1690,high,low,7,namecheap,,,08/09/2026 16:39
98a5970b-a8ac-4cf9-af3c-720a030b086d,pit.racing,premium,116,116,high,low,3,namesilo,,,24/09/2026 13:22
af7596b8-b375-4318-afc7-a2287d1be8b7,ore.desi,available,19.98,22.98,high,low,3,namecheap,,,30/09/2026 02:25
a8686628-034c-4347-8225-f327afbbdfda,excavation.group,available,25.99,25.99,high,low,10,namesilo,,,20/09/2026 01:55
6e7d44ec-e0d3-4ecb-8e0e-ff6564b69251,mine.promo,available,11.98,33.48,high,low,4,namecheap,,,25/09/2026 09:26
6214b7d1-962b-41b8-9c2a-837024a232a3,mineral.xxx,available,69.98,154.98,high,low,7,namecheap,,,08/09/2026 16:39
8f68d180-9891-47a8-bd98-cd9360dd625c,extraction.cards,available,31.25,31.25,high,low,10,spaceship,,,29/09/2026 06:50
6ea3c526-a448-435e-9ccb-54af8c6a5096,metal.dating,premium,128.7,128.7,high,low,5,namecheap,,,25/09/2026 19:55
fd25ae1f-3ded-4bde-9157-15bc3b109ab1,excavation.bike,available,12.99,38.99,high,low,10,namesilo,,,20/09/2026 01:55
70744329-279e-4f9a-a9bf-ca88e2fa7885,excavation.black,available,17.48,82.98,high,low,10,namecheap,,,20/09/2026 01:55
8a3a58ca-9df3-46a7-a1ae-ddc9e1528bfc,mine.miami,premium,52,23.4,high,low,4,namecheap,,,25/09/2026 09:26
ede76098-34a0-45a3-8eda-2868379cc151,extraction.kiwi,available,31.98,35.68,high,low,10,namecheap,,,29/09/2026 06:50
1a49641d-d957-484e-968d-d49b662e12e9,excavation.kiwi,available,31.98,35.68,high,low,10,namecheap,,,20/09/2026 01:55
12233502-0139-4287-a948-367c9f5934ca,ore.talk,premium,640,640,high,low,3,namesilo,,,30/09/2026 02:25
3892c0ba-b872-4d71-aff1-fb7468bf85ad,excavation.express,available,12.49,39.99,high,low,10,namesilo,,,20/09/2026 01:55
a1053748-fa66-4a8f-9183-af71ddb539ed,extraction.degree,available,52.99,52.99,high,low,10,namesilo,,,29/09/2026 06:50
ef84c319-a601-44b5-a5f3-50ba2141cb01,extraction.network,available,27.2,27.2,high,low,10,cloudflare,,,29/09/2026 06:50
e9e9994c-4ade-4324-b868-86bc6aa8e387,pit.ag,available,89.99,79.99,high,low,3,namesilo,,,24/09/2026 13:22
f7ea12c1-72a3-4727-b2a8-6db88b9c0d46,metal.biz,resell,,,high,low,5,"Domain Registration Services, Inc. dba dotEarth.com",27/03/2002 08:07,26/03/2027 23:59,26/09/2026 07:31
bf178567-ee9f-4f73-b780-89071490284f,extraction.ninja,available,15.99,30.99,high,low,10,namesilo,,,29/09/2026 06:50
fd82328b-127a-4017-b5af-d5b1f7852f4c,metal.sexy,premium,13000,13000,high,low,5,namecheap,,,25/09/2026 19:55
2ad89e85-13e5-4731-9e80-189a37fe29df,ore.tours,available,48.2,48.2,high,low,3,cloudflare,,,30/09/2026 02:25
905dd003-d4c7-4552-a6b4-9dfefa816508,mineral.link,premium,448,448,high,low,7,namesilo,,,08/09/2026 16:39
492b498f-c36f-422f-96b4-c9c4972a0b92,extraction.town,available,6.98,47.48,high,low,10,namecheap,,,29/09/2026 06:50
f904e4ac-fa73-4618-b947-cbd42a264ec5,excavation.cab,available,32.99,32.99,high,low,10,namesilo,,,20/09/2026 01:55
1a190983-16ac-403a-a481-72e4d72f9c72,mineral.ngo,available,18.98,24.98,high,low,7,namecheap,,,08/09/2026 16:39
69535918-fcaf-478f-9807-029ae8dc825f,metal.bet,resell,,,high,low,5,Dynadot Inc,19/09/2026 17:00,19/09/2027 17:00,26/09/2026 07:31
92b2ea21-a8ac-48af-a959-6a47251d0c31,extraction.video,available,4.34,29.18,high,low,10,spaceship,,,29/09/2026 06:50
daf3c433-7299-4d82-9440-29422dcd0e2f,metal.mov,premium,648.7,648.7,high,low,5,namecheap,,,25/09/2026 19:55
139472ca-c669-465d-a562-e281f80208c3,extraction.rehab,available,28.2,28.2,high,low,10,cloudflare,,,29/09/2026 06:50
e51007d6-9d08-425b-bf4a-8446f0000a08,dig.gold,resell,,,high,low,3,"Chengdu West Dimension Digital Technology Co., Ltd.",20/12/2023 15:16,20/12/2026 15:16,26/09/2026 05:33
9768c038-5567-443f-a46b-bc11f589516b,metal.tattoo,available,2.98,48.98,high,low,5,namecheap,,,25/09/2026 19:55
16373eeb-d975-44de-a615-dcfb3acfb4dd,extraction.game,available,279.65,341.75,high,low,10,spaceship,,,29/09/2026 06:50
364d78f6-16a9-44f8-a6fa-040a9a3ee9cd,ore.cards,premium,78.54,78.54,high,low,3,namesilo,,,30/09/2026 02:25
d72ed59d-55c7-4c2b-a44f-fbb1e5682fce,metal.online,premium,812.5,3250,high,low,5,namecheap,,,25/09/2026 19:55
69c643ab-3659-407b-a369-4d3ea640c761,extraction.menu,available,27.99,27.99,high,low,10,namesilo,,,29/09/2026 06:50
26fb3c6d-c9b2-4da4-a14b-3de466e13b51,ore.top,premium,266.5,266.5,high,low,3,namesilo,,,30/09/2026 02:25
36a32962-84dc-4f3f-a681-468a59037140,mineral.holiday,available,64.99,64.99,high,low,7,namesilo,,,08/09/2026 16:39
7f945e65-7980-44d3-8647-ec9b1fc30fa9,extraction.viajes,available,35.2,35.2,high,low,10,cloudflare,,,29/09/2026 06:50
0b4a72aa-a8c5-4f7e-aff6-d224997f4299,excavation.bingo,available,53.99,53.99,high,low,10,namesilo,,,20/09/2026 01:55
b61c7813-a078-473e-aab7-da00b23d69b8,mineral.hiphop,available,23.99,23.99,high,low,7,namesilo,,,08/09/2026 16:39
910e496a-ec90-49f2-8149-c72d519ed816,metal.audio,premium,2600,2600,high,low,5,namecheap,,,25/09/2026 19:55
09fc2ef6-587b-4bca-ad7a-60558d88572e,extraction.flowers,available,64.99,114.99,high,low,10,namesilo,,,29/09/2026 06:50
0096fe65-4f87-4484-b7cd-a793380f952f,metal.vet,available,43.98,52.98,high,low,5,namecheap,,,25/09/2026 19:55
813717fe-e0f3-4612-a802-dd89dcec1a01,mine.services,resell,,,high,low,4,"Spaceship, Inc.",22/04/2026 22:10,22/04/2027 22:10,26/09/2026 07:34
79e8adf0-6e76-4907-803d-6c0a901b78ab,mine.bargains,available,17.99,26.49,high,low,4,namesilo,,,25/09/2026 09:26
5e4cb4ee-87e5-46bf-af06-9d140f088c04,excavation.xxx,available,69.98,154.98,high,low,10,namecheap,,,20/09/2026 01:55
cb1d15bf-f670-4731-b27c-a1d43cd531f5,pit.page,premium,323.7,323.7,high,low,3,namecheap,,,24/09/2026 13:22
2a95c4a4-e9a6-467a-b77f-8cb13fd0b435,extraction.pizza,available,17.99,64.99,high,low,10,namesilo,,,29/09/2026 06:50
92ddd496-9fb5-4ced-afce-cdfbb3e9cecc,mineral.today,available,2.98,38.98,high,low,7,namecheap,,,08/09/2026 16:39
1fd7c866-8c9b-4507-bb47-0a73e7d28217,excavation.tools,available,8.48,47.48,high,low,10,namecheap,,,20/09/2026 01:55
8004f2f8-5d8c-4a95-8d3d-4b46424b7638,extraction.love,available,9.99,28.99,high,low,10,namesilo,,,29/09/2026 06:50
67f44662-0a35-4a2f-96bd-b69f10b90023,geology.so,available,,,high,high,7,,,,
a992290f-c2cf-4add-80be-85ba63adb7c2,excavation.photos,available,15.99,29.99,high,low,10,namesilo,,,20/09/2026 01:55
d5e05747-5c16-46e3-8c9d-ababf236b5d1,mine.viajes,available,43.98,57.98,high,low,4,namecheap,,,25/09/2026 09:26
5f220b27-381a-4968-b5a4-ccc0593493f5,extraction.soccer,available,10.81,21.11,high,low,10,porkbun,,,29/09/2026 06:50
4ae68db5-73b4-4e41-84b0-d0e85bfe704e,mine.diet,available,104.99,114.99,high,low,4,namesilo,,,25/09/2026 09:26
7f8b3fb2-5aa9-4373-b5fd-9fe305df40a3,excavation.fans,available,9.88,9.88,high,low,10,namesilo,,,20/09/2026 01:55
c32787fb-8eda-41ae-9691-02ed2f4e1b7d,metal.vegas,premium,260,129.94,high,low,5,namecheap,,,25/09/2026 19:55
e83648ba-b785-4a56-a3fe-b2a89e3d2be4,mine.hockey,available,59.99,59.99,high,low,4,namesilo,,,25/09/2026 09:26
692cce1a-62db-4346-a542-958153ea98e3,miner.jewelry,available,10.81,52.01,high,low,5,porkbun,,,29/09/2026 19:40
5b66fd08-8d7e-429e-9c47-bbbbf7575519,extraction.diy,available,5.49,39.99,high,low,10,namesilo,,,29/09/2026 06:50
3be9ff12-b966-47bd-b19f-b7884bf1ffa8,excavation.creditcard,available,144.99,144.99,high,low,10,namesilo,,,20/09/2026 01:55
e8efd4bd-0239-4908-bad8-68da6b253c08,excavation.trading,available,21.98,27.98,high,low,10,namecheap,,,20/09/2026 01:55
355a049c-b111-46b3-be53-620735239d5d,ore.doctor,available,14.49,116.99,high,low,3,namesilo,,,30/09/2026 02:25
6ca570ae-1fc9-41c7-bd87-b5b4b9651582,mineral.site,premium,162.5,650,high,low,7,namecheap,,,08/09/2026 16:39
7f85fabc-ab08-4aa2-8a4c-07f39c17d250,excavation.cruises,available,54.98,68.98,high,low,10,namecheap,,,20/09/2026 01:55
c56cb8d0-3c5e-4cfc-84e8-79a8e0af4d7f,excavation.camera,available,58.99,58.99,high,low,10,namesilo,,,20/09/2026 01:55
215f0a7b-1582-45db-9435-b9b9d5ff1c1a,mine.fitness,available,8.99,41.99,high,low,4,namesilo,,,25/09/2026 09:26
465e94b9-cfe1-4e0d-a442-5b53cd42203c,mineral.family,premium,71.4,71.4,high,low,7,namesilo,,,08/09/2026 16:39
ab923af2-2b91-4aad-85cf-fda5703cbf58,metal.uno,premium,3250,3250,high,low,5,namecheap,,,25/09/2026 19:55
19b1022b-f63f-4ed9-bcfc-dd64caa023c7,extraction.host,available,4.68,81.97,high,low,10,spaceship,,,29/09/2026 06:50
1f9c4577-60d6-4101-bf52-8104d678c9cf,mine.gmbh,available,45.99,45.99,high,low,4,namesilo,,,25/09/2026 09:26
bc4294a3-c65e-4c63-a09d-b9123b3f048f,pit.now,premium,116,116,high,low,3,namesilo,,,24/09/2026 13:22
75e2fb18-398c-46c1-979c-55883b6e7cef,gold.zip,premium,1298.7,1298.7,high,medium,4,namecheap,,,22/09/2026 03:56
259b2dab-8391-4434-90b6-b100ffc6549b,mine.flights,available,23.98,75.98,high,low,4,namecheap,,,25/09/2026 09:26
2f1c2d78-8157-4f02-995c-bbd294f89b6b,excavation.tours,available,10.99,61.99,high,low,10,namesilo,,,20/09/2026 01:55
dfdd1f7c-dc69-4fdc-9330-7ffa8a43e2b6,mineral.kids,premium,384,21.24,high,low,7,namesilo,,,08/09/2026 16:39
f02461ba-2122-46a5-b4fd-3349e20b2591,extraction.tel,available,10.62,10.62,high,low,10,namesilo,,,29/09/2026 06:50
6e86ff3f-1ebf-45c0-bd13-c25108464c4f,ore.gay,premium,181.33,181.33,high,low,3,spaceship,,,30/09/2026 02:25
4ab27a4a-3621-4cb3-92b1-2e77e7da917d,mine.channel,premium,311.25,311.25,high,low,4,name.com,,,25/09/2026 09:26
03eeed7c-5765-4abd-a942-44c07f1989c5,excavation.house,available,19.99,44.49,high,low,10,namesilo,,,20/09/2026 01:55
eafe7694-2219-49a8-ae6d-18b8f16e4724,pit.chat,premium,21.45,42.9,high,low,3,namecheap,,,24/09/2026 13:22
a204e6b6-6e63-4621-a608-9d64150e27d1,excavation.sucks,available,218.99,218.99,high,low,10,namesilo,,,20/09/2026 01:55
0710829f-4737-4c9c-9d85-a8ec01647d0e,extraction.shopping,available,26.99,26.99,high,low,10,namesilo,,,29/09/2026 06:50
53e05aff-ce60-45b3-a8f1-7c01e8f90f85,metal.giving,available,7.48,35.98,high,low,5,namecheap,,,25/09/2026 19:55
29f6acc8-456e-4f5b-ab73-f95d1867c890,ore.car,available,1863.2,2064.2,high,low,3,spaceship,,,30/09/2026 02:25
4dfc6428-ed3e-4b70-83c5-0290db850083,mine.racing,premium,116,116,high,low,4,namesilo,,,25/09/2026 09:26
87e05cf5-8c60-4cc9-a411-75c3a9dc2b92,pit.how,premium,474.5,474.5,high,low,3,namecheap,,,24/09/2026 13:22
19ceb658-885b-4d5a-8e41-f831a5a5d637,excavation.kitchen,available,10.99,64.99,high,low,10,namesilo,,,20/09/2026 01:55
74e8c010-5139-4b34-9017-b4f55adf108d,metal.fashion,premium,1040,32.5,high,low,5,namecheap,,,25/09/2026 19:55
5ee73ddd-7c36-4bd4-9f19-f8a51723e719,excavation.events,available,15.99,45.99,high,low,10,namesilo,,,20/09/2026 01:55
70cd4ba6-526e-4130-9eba-17df58005cbf,pit.loans,available,20.99,116.99,high,low,3,namesilo,,,24/09/2026 13:22
427b68c8-662d-414d-969e-e984489b4c0b,mine.hot,premium,1300,1300,high,low,4,namecheap,,,25/09/2026 09:26
c6fc48b8-0e9b-458b-985d-d783fc2dd343,mineral.business,premium,15.34,15.34,high,low,7,namesilo,,,08/09/2026 16:39
91315126-321f-4117-a2b9-643f286ed6e0,mine.porn,available,69.98,154.98,high,low,4,namecheap,,,25/09/2026 09:26
b640c162-cac6-4652-80d1-3c580ea358d4,coal.io,resell,,,high,low,4,"humbly, LLC",30/04/2015 00:30,30/04/2027 00:30,28/09/2026 01:38
6cb01cb5-6ada-4efe-905c-ef0af3dde463,mineral.law,available,95.99,95.99,high,low,7,namesilo,,,08/09/2026 16:39
17aab2a8-a245-4c25-8774-44c705044441,mineral.hamburg,available,69.98,73.98,high,low,7,namecheap,,,08/09/2026 16:39
c7b2e6eb-150a-4f57-b12f-1dee8e538247,digging.zone,available,12.99,38.99,high,low,7,namesilo,,,27/09/2026 13:02
11600774-f7dc-4852-b7e5-dc8070d812f5,extraction.so,available,68.98,,high,high,10,namecheap,,,
b43329ed-2cb3-46f6-8bb1-bf1281700221,mine.free,premium,1107,1107,high,low,4,namesilo,,,25/09/2026 09:26
6cdff3c0-6bfe-4ecc-b4c5-69a1ac812f65,pit.eco,available,58.48,101.98,high,low,3,namecheap,,,24/09/2026 13:22
745457a7-3239-461d-b8ba-6f220fc1d150,metal.navy,available,43.98,45.98,high,low,5,namecheap,,,25/09/2026 19:55
253a1a1f-fa18-4560-91fb-96e6731fd1dd,mine.lgbt,available,14.99,79.99,high,low,4,namesilo,,,25/09/2026 09:26
943ce5d1-3c29-458c-a2c0-a0dfd2506b8b,extraction.ryukyu,available,17.98,22.98,high,low,10,namecheap,,,29/09/2026 06:50
5a3963c4-85d9-48be-a439-18cb98824195,ore.diet,available,93.35,103.4,high,low,3,spaceship,,,30/09/2026 02:25
2171f993-a6e2-4dc9-8a79-184756bed3c4,pit.fitness,premium,118.8,118.8,high,low,3,namesilo,,,24/09/2026 13:22
460451dc-b63a-47d9-baac-23e5be245dea,metal.villas,available,62.98,74.98,high,low,5,namecheap,,,25/09/2026 19:55
691abd2c-5a1a-4451-9fbc-519bfbdb1c92,metal.contractors,premium,85.8,85.8,high,low,5,namecheap,,,25/09/2026 19:55
c3d2157b-7c90-44a3-8d8e-176c96b6307d,excavation.hospital,available,57.99,57.99,high,low,10,namesilo,,,20/09/2026 01:55
81f53e37-1253-4c2a-a9b5-8f9994e3203e,extraction.dating,available,50.2,50.2,high,low,10,cloudflare,,,29/09/2026 06:50
45a95dde-e37b-4a96-b412-fe40150f964c,miner.haus,available,10.81,27.29,high,low,5,porkbun,,,29/09/2026 19:40
29f3ff65-d4e0-47b0-9586-5fbd4d4ec88a,ore.press,premium,137.5,275,high,low,3,dynadot,,,30/09/2026 02:25
eed6c709-db75-4245-a9a7-f0828fe42cb9,mineral.tube,premium,130,26,high,low,7,namecheap,,,08/09/2026 16:39
7facf51f-7457-49b0-a09d-6d5da947d6f7,coal.lease,available,44.71,44.71,high,low,4,spaceship,,,28/09/2026 01:38
d4f58876-9e69-4df1-9716-bdc4ec4ca20c,pit.promo,available,14.49,24.99,high,low,3,namesilo,,,24/09/2026 13:22
5fb77d7d-ca94-4d10-8bf0-a8e8c1fdf6dc,excavation.blue,available,19.99,24.99,high,low,10,namesilo,,,20/09/2026 01:55
1a21d6f6-0942-4e46-b3e6-4dfab930d781,extraction.hosting,available,309.99,429.99,high,low,10,namesilo,,,29/09/2026 06:50
a67159fa-3173-4b86-92b0-bfdcce509a01,mine.degree,available,52.99,52.99,high,low,4,namesilo,,,25/09/2026 09:26
759ce017-3458-4291-ba14-4c71bdf858fa,pit.gg,resell,,,high,low,3,Enrapture Limited (https://enrapture.gg),,,26/09/2026 08:10
ed7c175b-93b0-41d3-8ab2-9c3785a191b7,excavation.ong,available,18.98,24.98,high,low,10,namecheap,,,20/09/2026 01:55
bb7cd43c-af97-49fe-b003-e401c46bdbe0,extraction.discount,available,23.2,23.2,high,low,10,cloudflare,,,29/09/2026 06:50
2e837e55-9a2b-4e9e-b0ba-52cfbbe69c3b,coal.us,resell,,,high,low,4,,,,28/09/2026 01:38
5d2a94be-8d95-49e8-bdb3-f0e89407601f,extraction.insure,available,56.2,56.2,high,low,10,cloudflare,,,29/09/2026 06:50
b714d2e5-c0cd-44ef-8e53-cc6fff34c478,gold.dentist,premium,512,512,high,medium,4,namesilo,,,22/09/2026 03:56
c0e3faa0-0b4d-45cc-af80-1140be84b0ec,mine.makeup,available,1.99,17.29,high,low,4,namesilo,,,25/09/2026 09:26
1ec19df7-e65b-4788-9393-cd06406f0c4d,metal.rentals,available,6.98,56.98,high,low,5,namecheap,,,25/09/2026 19:55
fc1fe2d6-a264-4b9c-aee0-488b21f6cdc3,mineral.theatre,available,509.99,529.99,high,low,7,namesilo,,,08/09/2026 16:39
9bb82099-a074-4dab-a3c3-b0fa04aa6199,pit.blog,premium,640,2660,high,low,3,namesilo,,,24/09/2026 13:22
fba9b3f8-bb04-4d0f-9761-b46bb0269f81,mineral.baby,available,1.8,81.98,high,low,7,namecheap,,,08/09/2026 16:39
bfcbbc1d-e085-478a-a9a2-2903533ca86a,mine.directory,available,8.99,26.99,high,low,4,namesilo,,,25/09/2026 09:26
f5e55b3c-87bd-44d4-8860-2d186ecbf2d6,extraction.tax,available,7.96,54.02,high,low,10,spaceship,,,29/09/2026 06:50
aab8dcf2-7206-4ff4-a30d-b657a6d52699,metal.healthcare,available,93.98,111.98,high,low,5,namecheap,,,25/09/2026 19:55
71f1a947-5b37-4ed4-8952-ed0f93ca24f8,pit.furniture,available,23.98,127.98,high,low,3,namecheap,,,24/09/2026 13:22
36503a57-cb0d-4a4a-bed9-3d05a6b5699c,mineral.red,available,9.48,28.48,high,low,7,namecheap,,,08/09/2026 16:39
da486094-4ea9-433f-97bb-0c1bdb3cf1e1,extraction.dev,premium,159.2,198.75,high,low,10,unstoppable,,,29/09/2026 06:50
a8304584-b94b-431a-a69f-3c6ed85afce5,pit.bio,resell,,,high,low,3,Dynadot Inc,17/05/2026 06:15,17/05/2027 06:15,26/09/2026 08:10
84e7ac95-738e-4d86-b4a6-e7a78b13cd9c,extraction.organic,available,17,,high,low,10,unstoppable,,,29/09/2026 06:50
3bb78241-1181-48f1-acaf-ed20af988046,excavation.lat,available,1.99,32.49,high,low,10,namesilo,,,20/09/2026 01:55
a8f4697d-e06c-4a30-ba85-884ce0cfb002,mineral.garden,available,1.98,43.98,high,low,7,namecheap,,,08/09/2026 16:39
60a03754-ca95-4035-ad54-f7f0435b3a2c,miner.vana,available,2298,2498,high,low,5,namecheap,,,29/09/2026 19:40
09449056-e15d-45d5-a2b2-498a444e6ffe,coal.tienda,available,46.2,46.2,high,low,4,cloudflare,,,28/09/2026 01:38
596857fc-c8eb-4017-8851-4c4d66cb2acf,mineral.airforce,available,103.99,103.99,high,low,7,namesilo,,,08/09/2026 16:39
e5795562-9e40-4eb2-bc34-682d1da7be07,ore.men,premium,517.7,67.48,high,low,3,spaceship,,,30/09/2026 02:25
c866a594-e3ed-4d3c-8cc2-9ec4fb785fb2,coal.dentist,available,111.99,111.99,high,low,4,godaddy,,,28/09/2026 01:38
d36dae91-83bc-43c4-95c9-50fe97bee5f0,mine.vision,resell,,,high,low,4,Porkbun LLC,12/11/2020 10:57,12/11/2026 10:57,26/09/2026 07:34
ba0052bc-aebf-4c28-adcb-951e370e5da0,gold.luxury,premium,6500,6500,high,medium,4,namecheap,,,22/09/2026 03:56
13b101b9-8374-443c-8b70-92c4e5c7f7c1,pit.gold,premium,512,512,high,low,3,namesilo,,,24/09/2026 13:22
8da6477b-642a-41fd-9b7c-ebf098072948,mine.dad,premium,311.25,311.25,high,low,4,name.com,,,25/09/2026 09:26
69526cfc-060c-416f-a641-a867710c153f,excavation.co,resell,,,high,low,10,"Network Solutions, LLC",15/12/2011 19:59,14/12/2027 23:59,26/09/2026 05:55
74d3a8a7-a2ca-4271-b62e-7642531d77a3,pit.london,premium,690.37,34.52,high,low,3,namecheap,,,24/09/2026 13:22
19316e46-f1d7-43b6-bd3d-9160556fda49,extraction.dad,available,10.52,10.52,high,low,10,spaceship,,,29/09/2026 06:50
b4104ba3-da05-4a16-8058-250af92797cb,extraction.clothing,available,25.2,25.2,high,low,10,cloudflare,,,29/09/2026 06:50
52f9bc35-0525-467a-b437-ec918a3da610,extraction.schule,available,28.99,28.99,high,low,10,namesilo,,,29/09/2026 06:50
af53b1e6-f2ed-45a1-973c-cec925fba3ce,extraction.esq,available,20.84,20.84,high,low,10,spaceship,,,29/09/2026 06:50
1907e48c-c095-47ac-9588-6b3e5b9f04b4,ore.rest,available,25.2,25.2,high,low,3,cloudflare,,,30/09/2026 02:25
1eff0845-0a07-490c-a631-259dee6d5cf4,miner.florist,available,8.24,26.26,high,low,5,porkbun,,,29/09/2026 19:40
b8fe5b11-a84a-4459-a5ce-2a4f7289e11f,ore.limo,available,10.81,43.77,high,low,3,porkbun,,,30/09/2026 02:25
5d6823e7-ccfa-4555-bb88-37498768511f,extraction.dealer,premium,4278,2660,high,low,10,namesilo,,,29/09/2026 06:50
2913dcf4-0756-4660-aa48-e0aa874147fc,pit.sexy,premium,34500,34500,high,low,3,namesilo,,,24/09/2026 13:22
83a3bba9-fb92-4ebb-806b-b32289860998,metal.boo,premium,648.7,648.7,high,low,5,namecheap,,,25/09/2026 19:55
51bf266b-9486-4a3a-b8b8-254674ca3b54,metal.chat,resell,,,high,low,5,"DNSPod, Inc.",05/10/2020 02:59,05/10/2027 02:59,26/09/2026 07:31
ce90797e-c28c-4395-a6c5-4d2ece44cbb2,metal.hospital,available,55.98,71.98,high,low,5,namecheap,,,25/09/2026 19:55
f969db9f-4eeb-47c2-9e06-89b92e99c513,extraction.kim,available,5.38,18.83,high,low,10,spaceship,,,29/09/2026 06:50
fb875993-8f9d-443f-a7b4-566692f22627,pit.business,premium,128.7,128.7,high,low,3,namecheap,,,24/09/2026 13:22
d370c078-247f-4325-8776-356c9299a49d,dig.industries,available,45.99,45.99,high,low,3,namesilo,,,24/09/2026 23:51
688bd0e7-1ca1-4e67-947e-0ef2535957fb,extraction.blog,available,20.2,20.2,high,low,10,cloudflare,,,29/09/2026 06:50
a697d237-be4b-4a47-9671-84cbf63c78c5,miner.info,resell,,,high,low,5,,,,29/09/2026 19:40
f73f0068-10b2-433e-9d21-5682a9b6751a,miner.fail,available,40.98,50.98,high,low,5,namecheap,,,29/09/2026 19:40
4cb4a5e0-f3ad-4cc5-8f89-cd9e852548b5,excavation.school,available,36.49,36.49,high,low,10,namesilo,,,20/09/2026 01:55
2b6d1616-1b71-4f6f-a58a-6589c42130e8,mine.film,available,65.99,65.99,high,low,4,namesilo,,,25/09/2026 09:26
39fd2914-4d05-4dfe-86b4-c92f0c5ce698,miner.how,available,20.84,20.84,high,low,5,spaceship,,,29/09/2026 19:40
e44d3e17-02d9-40a9-8b98-f3fec6dff801,excavation.pizza,available,17.99,64.99,high,low,10,namesilo,,,20/09/2026 01:55
63aacba1-f278-4064-903d-2c753b2ee2f9,metal.meme,premium,845,845,high,low,5,namecheap,,,25/09/2026 19:55
312a731f-5ba9-4118-9ca3-c3b39b07a886,ore.motorcycles,available,1.24,13.97,high,low,3,spaceship,,,30/09/2026 02:25
5c1f1dde-1a2f-4e49-888a-de9d779fd5c4,ore.theater,available,51.95,51.95,high,low,3,spaceship,,,30/09/2026 02:25
254690a6-e70a-4caf-930b-c4cb13d45725,miner.graphics,available,22.98,31.98,high,low,5,namecheap,,,29/09/2026 19:40
dd8e18bc-8b98-444c-afdb-fe7e2f92797d,excavation.srl,available,31.99,31.99,high,low,10,namesilo,,,20/09/2026 01:55
ef06aaf8-c5c3-4e6f-8476-7121030226d4,metal.forsale,premium,128.7,128.7,high,low,5,namecheap,,,25/09/2026 19:55
f017d5b3-9532-447a-a331-29734381a55d,metal.ltd,premium,21.45,42.9,high,low,5,namecheap,,,25/09/2026 19:55
806d3cad-3418-405a-b2ed-7dde13ee43dd,geology.tech,premium,258.95,1035.2,high,low,7,spaceship,,,29/09/2026 07:05
1c8449a4-5792-4755-b65d-b631aab455cc,mineral.coach,available,11.98,95.98,high,low,7,namecheap,,,08/09/2026 16:39
d1f71c09-4264-42f9-9d58-56afc262e632,mineral.hiv,available,195.99,195.99,high,low,7,namesilo,,,08/09/2026 16:39
56fb3ffb-6da2-4816-8f14-29fcbeec08dd,pit.ski,available,27.99,64.99,high,low,3,namesilo,,,24/09/2026 13:22
a9c9b8f2-f91e-4cb9-98d8-b6d89fb3420f,metal.prof,premium,843.7,843.7,high,low,5,namecheap,,,25/09/2026 19:55
54226dad-65de-4901-836e-a8c1a7cb8d8a,excavation.democrat,available,5.98,41.48,high,low,10,namecheap,,,20/09/2026 01:55
f1f8ddc1-ab53-4527-944d-a7dcc32478e0,mineral.contact,available,13.98,16.78,high,low,7,namecheap,,,08/09/2026 16:39
d8772831-f17e-4d31-985c-2ad95fecf41b,ore.auto,available,2070,2950,high,low,3,namecheap,,,30/09/2026 02:25
dd4dd20b-fae1-4781-91f9-dea81a2624e2,coal.zip,available,19.99,19.99,high,low,4,godaddy,,,28/09/2026 01:38
af0e47a9-3dd7-4c1f-9286-77e461ddda5f,ore.glass,available,72.99,72.99,high,low,3,namesilo,,,30/09/2026 02:25
36ee01d4-6908-4695-9dba-e02184ef46b3,excavation.attorney,available,62.99,62.99,high,low,10,namesilo,,,20/09/2026 01:55
5fad874c-6f10-4ac2-8715-4b13e042ce2d,metal.family,premium,128.7,128.7,high,low,5,namecheap,,,25/09/2026 19:55
5b28f022-083c-41bb-b719-4b8b7dec7194,ore.singles,available,9.49,33.99,high,low,3,namesilo,,,30/09/2026 02:25
9ac352d4-c06e-4008-a9de-33dac42e52f1,metal.art,premium,3900,91,high,low,5,namecheap,,,25/09/2026 19:55
ce1fffb9-042d-4584-add4-a8651c9868fc,gold.camera,premium,520,520,high,medium,4,namecheap,,,22/09/2026 03:56
3846e66b-3268-46ef-9efe-edfdc6bc4093,metal.free,premium,650,650,high,low,5,namecheap,,,25/09/2026 19:55
8f940ed8-f671-44c4-a413-8bdf5fd04a66,pit.condos,available,58.99,58.99,high,low,3,namesilo,,,24/09/2026 13:22
83ac2909-15cb-4a38-8a13-b7b0e7f55363,metal.coach,available,11.98,95.98,high,low,5,namecheap,,,25/09/2026 19:55
9202c8e2-d15a-48f0-833f-bc6c5493c4a6,prospecting.cloud,available,5.29,25.99,high,high,11,namesilo,,,26/09/2026 08:23
d2c6fbd3-d0b5-4ff1-bf59-b724960f4be2,coal.memorial,available,79.99,79.99,high,low,4,godaddy,,,28/09/2026 01:38
24eb6c35-21e7-42d2-a409-6a8ef64ca6f8,coal.co,resell,,,high,low,4,,,,28/09/2026 01:38
b53dc20c-f835-4643-9dfb-604a121188c9,excavation.flowers,available,64.99,114.99,high,low,10,namesilo,,,20/09/2026 01:55
e1dee0e2-e8be-4c4a-ab12-060e430af250,ore.kiwi,available,31.98,35.68,high,low,3,namecheap,,,30/09/2026 02:25
f0c7e733-e9f0-442a-806e-1dcd6a7317ab,ore.cars,available,1999.99,2199,high,low,3,namesilo,,,30/09/2026 02:25
fe8f9789-5216-406d-8825-4f19d904dd8b,coal.guru,available,33.2,33.2,high,low,4,cloudflare,,,28/09/2026 01:38
bc469e1f-6d19-4160-a8a9-1fca50576968,mineral.boo,premium,76.7,76.7,high,low,7,namecheap,,,08/09/2026 16:39
287edf34-bfbc-44bf-a9dd-3b8d4ab49974,pit.lgbt,available,14.99,79.99,high,low,3,namesilo,,,24/09/2026 13:22
8f9d3394-cf19-4dd4-9b70-eb1a245e3ae0,mine.sexy,premium,13800,13800,high,low,4,namesilo,,,25/09/2026 09:26
4fbe9d30-ceed-4cd4-b2d0-23ba2b9d22da,mineral.cheap,available,5.98,49.98,high,low,7,namecheap,,,08/09/2026 16:39
b044d6eb-57a4-4f26-ad5d-8cf83a096936,excavation.management,available,25.99,25.99,high,low,10,namesilo,,,20/09/2026 01:55
a83160fe-e96f-4639-86a3-5d5fc60caec4,ore.realty,available,109.99,299,high,low,3,namesilo,,,30/09/2026 02:25
b824d05c-469f-46c5-87c2-100cb880118e,mine.webcam,premium,130,32.5,high,low,4,namecheap,,,25/09/2026 09:26
3fdde4b4-2e23-4d41-bbd4-2395b74381c4,mineral.realty,available,99.8,456.98,high,low,7,namecheap,,,08/09/2026 16:39
c7f83999-132b-4c79-9ec2-0f5bfb8fe7a3,pit.solar,available,64.99,64.99,high,low,3,namesilo,,,24/09/2026 13:22
032473d3-ddec-455c-8cc7-294c55e9eb3a,coal.baby,available,17.99,54.99,high,low,4,namesilo,,,28/09/2026 01:38
46cd3448-cf1b-42c7-b415-6ca0d4c63a79,dig.maison,available,24.99,83.99,high,low,3,name.com,,,24/09/2026 23:51
b117cb47-a826-4c61-a3c3-c089f1735dd7,miner.ac,available,34.99,47.99,high,low,5,namesilo,,,29/09/2026 19:40
4df5210a-ac34-4cf4-b3e2-3c468b7cfef4,excavation.inc,premium,2061.5,2660,high,low,10,namesilo,,,20/09/2026 01:55
c02f286f-86a6-4a59-b78b-17a18f316a9f,miner.motorcycles,available,1.99,17.29,high,low,5,namesilo,,,29/09/2026 19:40
49f50e6b-1619-4a3a-87f8-ad43efc64086,pit.photography,premium,23.6,23.6,high,low,3,namesilo,,,24/09/2026 13:22
ae8ca279-616d-434a-a9e1-8ef20ea478e1,coal.place,available,37.99,37.99,high,low,4,godaddy,,,28/09/2026 01:38
1d69d9cb-e438-439b-9922-2d9cb8a708a1,metal.coupons,available,2.98,59.98,high,low,5,namecheap,,,25/09/2026 19:55
fd0adc0f-79e4-4d89-9f21-bbdc379bea8d,mineral.actor,available,9.48,54.98,high,low,7,namecheap,,,08/09/2026 16:39
a37b7bee-2497-40f0-a6ed-def2fa5e9c6f,mineral.cruises,available,54.98,68.98,high,low,7,namecheap,,,08/09/2026 16:39
90dc711f-e381-4512-9eff-d61041f7c6df,mineral.sale,premium,118.8,118.8,high,low,7,namesilo,,,08/09/2026 16:39
5d2624c2-820e-4b03-82e9-09d4377afb69,dig.talk,premium,640,640,high,low,3,namesilo,,,24/09/2026 23:51
fd75cf2d-35bb-4e5a-8548-9e5dc30a0a03,extraction.run,available,6.99,26.99,high,low,10,namesilo,,,29/09/2026 06:50
89340ca5-f24f-4c94-9047-01ee21ce181c,excavation.bargains,available,17.99,26.49,high,low,10,namesilo,,,20/09/2026 01:55
f2368125-19e9-46e6-81ca-344e3a542ab4,geology.luxe,available,15.73,15.73,high,low,7,spaceship,,,29/09/2026 07:05
02ab7293-efcb-4b37-9f4f-885e1294b356,silver.gold,resell,,,high,medium,6,"Sav.com, LLC",05/07/2015 16:02,05/07/2027 16:02,29/09/2026 07:48
e3e72fb1-a116-4260-b0df-c65d2b9168ff,extraction.red,available,8.48,18.83,high,low,10,spaceship,,,29/09/2026 06:50
bbd56756-094c-47e0-87d8-5e7f0f3aef5e,golden.diamonds,premium,500,500,high,low,6,name.com,,,18/08/2026 23:35
f6ef5d0c-e819-4864-8abf-7423f89c3bc7,extraction.gratis,available,19.48,19.48,high,low,10,dynadot,,,29/09/2026 06:50
7a79fd6c-d270-4c90-8f77-2b7519b3e8b6,ore.health,premium,1107,71.4,high,low,3,namesilo,,,30/09/2026 02:25
2214b307-ea93-4998-9597-248cfdab3981,coal.name,available,14.99,14.99,high,low,4,godaddy,,,28/09/2026 01:38
95e9bbaf-85bd-49fc-95af-613acf1da86b,dig.reisen,premium,26,26,high,low,3,namecheap,,,24/09/2026 23:51
3f0b90d6-500c-424a-9f8c-b725f8ab1be4,miner.hospital,available,45.74,45.74,high,low,5,spaceship,,,29/09/2026 19:40
3d396bf8-190e-46ed-92fa-b1e9214a8b97,pit.beer,premium,512,29.5,high,low,3,namesilo,,,24/09/2026 13:22
c2ff22d5-6e27-43ff-a978-de38bc187d50,pit.partners,available,20.99,71.99,high,low,3,namesilo,,,24/09/2026 13:22
6e490dce-1a3a-460d-b688-14b66d555c45,ore.gratis,premium,20.9,20.9,high,low,3,spaceship,,,30/09/2026 02:25
879fb4fe-61b3-4ea3-ac07-f2e586cb33a9,gold.skin,premium,2660,2660,high,medium,4,namesilo,,,22/09/2026 03:56
68d51711-6546-41b8-981f-f03bbca7a7ef,metal.degree,available,54.98,66.98,high,low,5,namecheap,,,25/09/2026 19:55
13a63966-c625-458d-86b2-0648f362d277,coal.ong,available,29.99,29.99,high,low,4,godaddy,,,28/09/2026 01:38
28637298-2bbd-4d95-8218-b0abcd0bbab1,miner.hockey,available,8.24,47.89,high,low,5,porkbun,,,29/09/2026 19:40
8c17c655-487e-4d5a-8036-4d77ec456209,gold.pictures,resell,,,high,medium,4,"Sav.com, LLC",04/12/2025 17:00,04/12/2026 17:00,26/09/2026 06:26
a96abb4f-64e7-4b12-ad0c-19bb7df52e89,extraction.it,available,6.66,5.5,high,low,10,dynadot,,,29/09/2026 06:50
195b05fa-ab44-421e-ab98-4ee82cf36600,extraction.food,available,5.49,39.99,high,low,10,namesilo,,,29/09/2026 06:50
c55bb3d0-fbe1-49d6-baa9-692a29833ac1,extraction.free,premium,103.7,103.7,high,low,10,spaceship,,,29/09/2026 06:50
a2e6ac7f-a86b-44f8-8134-2bdace03e946,coal.gratis,available,23.99,23.99,high,low,4,namesilo,,,28/09/2026 01:38
2ed8d335-0750-424f-974c-ce1845222a0a,mine.adult,available,69.98,166.98,high,low,4,namecheap,,,25/09/2026 09:26
f0ef6993-775a-4a4b-8918-59fe6dc4eb49,mineral.black,available,17.48,82.98,high,low,7,namecheap,,,08/09/2026 16:39
60e6118c-b7ce-4740-92e7-3717ccf5a2dc,coal.sucks,premium,2658.67,2658.67,high,low,4,namesilo,,,28/09/2026 01:38
428be0e7-ed74-43bf-8dd0-373ff0ec448d,coal.mba,available,10.55,31.25,high,low,4,spaceship,,,28/09/2026 01:38
48409314-9352-4346-9bc3-91741bc88b14,pit.motorcycles,available,1.99,17.29,high,low,3,namesilo,,,24/09/2026 13:22
a4cb268e-cd6d-4fbf-9ad5-68a0eefc8c7d,metal.gay,available,2.98,50.98,high,low,5,namecheap,,,25/09/2026 19:55
7eb5ace6-ab25-45e0-ad35-973b90dc0fdc,extraction.industries,available,35.2,35.2,high,low,10,cloudflare,,,29/09/2026 06:50
eac233df-62e6-4773-bb4d-cb6c7afad5a0,excavation.surf,available,2.19,32.49,high,low,10,namesilo,,,20/09/2026 01:55
28d81d32-0a7b-4edd-94ff-f769a2962d24,excavation.rich,available,94.99,1999,high,low,10,namesilo,,,20/09/2026 01:55
045d3382-30bf-481b-98c1-46ce0132bea7,miner.vet,available,33.47,33.47,high,low,5,porkbun,,,29/09/2026 19:40
d391d15c-4bc7-4730-a36a-f9b0c83b383c,pit.pictures,premium,16.9,16.9,high,low,3,namecheap,,,24/09/2026 13:22
0b150233-4f74-4182-b919-aee9fbc1120d,metal.tax,available,8.98,85.98,high,low,5,namecheap,,,25/09/2026 19:55
7bd8065f-9550-4690-a152-7834cdfc1c86,excavation.qpon,available,2.19,11.49,high,low,10,namesilo,,,20/09/2026 01:55
28900dbd-75a2-44d4-bc99-7f1ff9e66b4f,metal.ltda,available,42.98,46.98,high,low,5,namecheap,,,25/09/2026 19:55
b529ad71-eeb2-471d-a102-e610450725fe,dig.autos,available,1.99,17.29,high,low,3,namesilo,,,24/09/2026 23:51
928b8532-1f6e-4694-970f-54600e068ba2,metal.cv,premium,269.75,87.75,high,low,5,namecheap,,,25/09/2026 19:55
65ecd635-c7c7-47f6-a41e-575378df9aa2,dig.car,available,1999.99,2199,high,low,3,namesilo,,,24/09/2026 23:51
7c0c5171-cbcf-43da-a6a7-847e49620f55,extraction.cab,available,26.08,26.08,high,low,10,spaceship,,,29/09/2026 06:50
fce555a6-77fe-4aa7-8054-c25495833904,pit.football,available,25.99,25.99,high,low,3,namesilo,,,24/09/2026 13:22
84c4935e-ec1b-4980-8769-b64b75583cfd,quarry.dental,available,62.3,62.3,high,low,6,spaceship,,,29/09/2026 12:13
29acba32-3a89-4ad7-ba4e-bc186a85cb1c,coal.solar,available,51.95,51.95,high,low,4,spaceship,,,28/09/2026 01:38
6f206707-c00b-4948-9854-0aafbf4fe69a,excavation.wiki,available,2.99,32.49,high,low,10,namesilo,,,20/09/2026 01:55
cbef776e-6827-408b-ab19-7dd2d1ac40b7,excavation.green,available,14.99,79.99,high,low,10,namesilo,,,20/09/2026 01:55
fbc96c48-96d5-4766-aa61-35a306dec63e,extraction.wedding,available,25.2,25.2,high,low,10,cloudflare,,,29/09/2026 06:50
25c2d615-bb1a-4741-9083-30fcd2fdcbcc,extraction.trade,premium,448,53.92,high,low,10,namesilo,,,29/09/2026 06:50
745d6088-bbce-4b20-912d-6f2d36789eb3,mineral.dev,premium,106.8,106.8,high,low,7,namesilo,,,08/09/2026 16:39
e891a2d2-4654-4368-a378-b28862bae123,excavation.works,available,3.98,51.98,high,low,10,namecheap,,,20/09/2026 01:55
0dac2d84-7d30-4701-885b-e6af73fb5a8e,ore.hiphop,premium,650,130,high,low,3,namecheap,,,30/09/2026 02:25
bcde5c95-0a3f-483a-9cc7-5398bcc9a585,ore.tickets,available,359.99,488.88,high,low,3,namesilo,,,30/09/2026 02:25
a23ae439-890f-4f35-ba36-e888446f1b97,dig.ngo,available,16.99,16.99,high,low,3,name.com,,,24/09/2026 23:51
f9bc9988-928b-4ae2-90ce-963de900e3e2,quarry.dentist,available,50.2,50.2,high,low,6,cloudflare,,,29/09/2026 12:13
75716696-c8f4-4d45-b6c7-78ccc4e7a797,mineral.coupons,available,2.98,59.98,high,low,7,namecheap,,,08/09/2026 16:39
b6941f32-f320-40a4-a196-36f5892a294c,mineral.lgbt,available,11.98,93.98,high,low,7,namecheap,,,08/09/2026 16:39
16580d5f-f444-4d43-9ba0-610ac5489b11,ore.soccer,available,20.9,20.9,high,low,3,spaceship,,,30/09/2026 02:25
ed2c8a4b-70ac-4151-a890-74932a6c8bbd,pit.direct,available,14.98,53.98,high,low,3,namecheap,,,24/09/2026 13:22
27ca0ae5-5ba4-478a-b9a9-66013aa1e0ea,excavation.ltda,available,34.99,34.99,high,low,10,namesilo,,,20/09/2026 01:55
1f01121a-a4ff-4b95-b247-060a0948dac6,excavation.gripe,available,6.98,8.98,high,low,10,namecheap,,,20/09/2026 01:55
74ec2206-fe0c-45eb-912a-9bce555f1720,coal.energy,premium,,,high,low,4,,,,28/09/2026 01:38
cf26fba8-760e-4025-9fb3-7647b9d65dc4,mineral.agency,resell,,,high,low,7,"Sav.com, LLC - 48",18/04/2026 15:15,18/04/2027 15:15,26/09/2026 07:34
6231dd61-8e7a-4910-92c1-3e8a5a64fe9f,ore.mortgage,premium,102.67,102.67,high,low,3,spaceship,,,30/09/2026 02:25
3bb8d20a-7126-430c-a803-6391a2b0b500,pit.games,premium,118.8,118.8,high,low,3,namesilo,,,24/09/2026 13:22
8d241afd-d206-48c3-ba01-f9ca512029fa,miner.cx,resell,,,high,low,5,,,,29/09/2026 19:40
9e9fdc71-e1c7-4933-a1ae-3e5112f004b9,extraction.mx,available,35.57,41.23,high,low,10,porkbun,,,29/09/2026 06:50
20aac0bc-84d2-4974-b7c8-a7c7152758d5,metal.mom,premium,845,845,high,low,5,namecheap,,,25/09/2026 19:55
b9ad5960-e79e-4d29-b932-b76a2475ed15,tunnel.xyz,resell,,,high,low,6,Dynadot Inc,04/12/2020 18:17,04/12/2030 23:59,26/09/2026 09:48
9f46153a-b7db-49a2-9677-524ce77ebdae,ore.gift,premium,153.6,153.6,high,low,3,namesilo,,,30/09/2026 02:25
1bfd9a09-c449-4d8f-9ae2-94d0f76a7531,metal.gold,resell,,,high,low,5,"DNSPod, Inc.",18/03/2019 23:19,18/03/2027 23:19,26/09/2026 07:31
6be9a376-c397-4062-8916-c430f94bf11e,excavation.vacations,available,38.99,38.99,high,low,10,namesilo,,,20/09/2026 01:55
4cbf0086-8a48-4ed8-9f7d-6d3aead5c297,industry.industries,premium,512,512,high,medium,8,namesilo,,,28/09/2026 03:56
ac708a63-0c77-4e3b-95cc-00adf5247d9a,mine.london,premium,135.33,31.19,high,low,4,namesilo,,,25/09/2026 09:26
778f6ff4-1757-4957-a49e-192bf94329f4,pit.build,premium,1950,1950,high,low,3,namecheap,,,24/09/2026 13:22
3cc9e86d-bc1a-46f6-8218-789ad89b0219,ore.group,resell,,,high,low,3,,,,30/09/2026 02:25
708e6793-8102-4e4e-bd8e-19c9f57d7fed,mine.restaurant,available,11.98,81.98,high,low,4,namecheap,,,25/09/2026 09:26
ed521b5c-1c3e-49d2-a60a-43e997c270f9,pit.bid,premium,640,77.35,high,low,3,namesilo,,,24/09/2026 13:22
0ab9bb35-b8f9-4b30-bbeb-23bb6e101df3,miner.salon,available,45.74,45.74,high,low,5,spaceship,,,29/09/2026 19:40
efd383c1-c35d-4f19-a88e-8a3565ce7560,mine.foundation,resell,,,high,low,4,Dynadot Inc,16/07/2026 17:00,16/07/2027 17:00,26/09/2026 07:33
1e57a299-d8b5-4e57-9377-63f45856383f,mineral.date,premium,384,53.92,high,low,7,namesilo,,,08/09/2026 16:39
090f8956-3a40-49b2-a824-d37aa3deb267,mine.soccer,available,25.99,25.99,high,low,4,namesilo,,,25/09/2026 09:26
0c96f580-7d45-484d-b84c-95f229d3253f,metal.page,premium,648.7,648.7,high,low,5,namecheap,,,25/09/2026 19:55
8db6d875-7c2a-4fe4-84cb-a794183df69f,gold.productions,premium,118.8,118.8,high,medium,4,namesilo,,,22/09/2026 03:56
8e8d5608-99b8-4df7-ac61-58eab1d18656,pit.repair,available,12.99,36.99,high,low,3,namesilo,,,24/09/2026 13:22
4589974a-b85b-4fe2-8b4c-3a0d5f5e927b,metal.living,premium,910,1300,high,low,5,namecheap,,,25/09/2026 19:55
bacd4b52-5b1c-4854-ab46-d2815f97247e,pit.christmas,available,34.99,34.99,high,low,3,namesilo,,,24/09/2026 13:22
a7a00d22-7c8f-447f-a01c-1daca8e392fc,dig.info,resell,,,high,low,3,"Sea Wasp, LLC",27/10/2007 09:37,27/10/2027 09:37,26/09/2026 05:33
77892372-738c-420f-a121-e7e611cfd7ee,mineral.how,available,30.98,41.98,high,low,7,namecheap,,,08/09/2026 16:39
5db53f28-7024-4005-b3e8-a20162e8c1db,extraction.garden,available,1.24,26.08,high,low,10,spaceship,,,29/09/2026 06:50
3c5d99c8-24e3-47e9-b449-0b030f84fd3e,ore.airforce,available,83,83,high,low,3,spaceship,,,30/09/2026 02:25
a6be7f65-db31-4435-9fe5-4e11eb4696a0,miner.tickets,available,359.99,488.88,high,low,5,namesilo,,,29/09/2026 19:40
33585bb3-4603-437d-8ae4-c5fc4b55c132,quarry.build,premium,1552.7,1552.7,high,low,6,spaceship,,,29/09/2026 12:13
ab36421d-99d1-42f4-8b60-f5c4b75d63fc,dig.tattoo,premium,116,116,high,low,3,namesilo,,,24/09/2026 23:51
cbbe0adb-eb16-4005-b5a3-db27a7b547af,coal.vodka,available,49.99,49.99,high,low,4,godaddy,,,28/09/2026 01:38
7e582a20-60d7-4d89-8b20-6d92c41cf396,excavation.bet,available,8.98,35.98,high,low,10,namecheap,,,20/09/2026 01:55
7808821f-a255-4392-86de-3dea9c0d35ff,mineral.sex,available,69.98,154.98,high,low,7,namecheap,,,08/09/2026 16:39
fbee55f1-0701-483d-82b2-0dcc0e964156,ore.racing,premium,109.69,109.69,high,low,3,porkbun,,,30/09/2026 02:25
914b53e1-d4e8-4d9f-a298-277dfd78b4b1,ore.me,resell,22871.2,27.99,high,low,3,Dynadot Inc,21/09/2010 17:51,21/09/2027 17:51,30/09/2026 02:25
eac7c9fd-54f2-498f-b95b-d1c919c9d64e,miner.sydney,premium,91.07,91.07,high,low,5,namecheap,,,29/09/2026 19:40
ea98ed8f-5de5-4a40-a9eb-40ac79f849d9,mineral.shopping,available,26.99,26.99,high,low,7,namesilo,,,08/09/2026 16:39
cd4884be-72c6-4649-9400-3a8fbbec002b,coal.services,available,4.86,31.25,high,low,4,spaceship,,,28/09/2026 01:38
65c08393-6750-4397-8229-4cc6cd63782e,ore.place,available,22.98,30.98,high,low,3,namecheap,,,30/09/2026 02:25
1227637d-a094-4cc9-8950-563aba726419,dig.careers,available,34.99,71.99,high,low,3,namesilo,,,24/09/2026 23:51
3e649fec-135b-466c-8ec9-03c15baf33b3,mineral.land,available,5.98,54.98,high,low,7,namecheap,,,24/08/2026 23:41
43cd2ad8-85cf-4a94-a64c-8c85b2b4dbfc,gold.schule,available,29.98,32.98,high,medium,4,namecheap,,,22/09/2026 03:56
d11f72bf-5e63-4556-a052-09ac660ae9ff,coal.cfd,premium,310.7,621.2,high,low,4,spaceship,,,28/09/2026 01:38
82c8aaee-b112-45d5-847b-09dbcfd81e17,mine.plumbing,available,72.99,72.99,high,low,4,namesilo,,,25/09/2026 09:26
a0801b76-af45-41fb-8d51-0436e958667f,dig.supplies,available,25.48,32.48,high,low,3,namecheap,,,24/09/2026 23:51
936b3e4c-8f7d-4ddd-be19-106cd08f63e6,gold.uno,premium,6500,6500,high,medium,4,namecheap,,,22/09/2026 03:56
0e77651b-1e73-403b-b487-819e3050e509,mineral.horse,available,32.49,32.49,high,low,7,namesilo,,,08/09/2026 16:39
96f90916-a1a3-4a06-91a2-ec620a2d5722,excavation.cleaning,available,75.49,75.49,high,low,10,namesilo,,,20/09/2026 01:55
03c853e8-7a6a-40e1-b2b9-a3302181ed6b,gold.apartments,premium,118.8,118.8,high,medium,4,namesilo,,,22/09/2026 03:56
99629151-dd88-4714-93c0-eb7b50f768ff,ore.insure,available,72.99,72.99,high,low,3,namesilo,,,30/09/2026 02:25
912362fb-bb4b-4adb-a062-b338ad475845,metal.reviews,premium,128.7,128.7,high,low,5,namecheap,,,25/09/2026 19:55
0bd540f0-ffb0-4338-a490-db0dceac7f46,ore.cruises,available,8.24,46.23,high,low,3,dynadot,,,30/09/2026 02:25
aa5ea04a-25af-4c9e-aa66-dce7f8a23075,ore.feedback,premium,9,414.2,high,low,3,spaceship,,,30/09/2026 02:25
a0b44f83-3297-4c9e-953b-9103673de41d,excavation.cricket,available,23.59,23.59,high,low,10,namesilo,,,20/09/2026 01:55
948e9bc1-780a-4946-938c-ced5f3bddd56,extraction.vegas,available,12.99,43.99,high,low,10,namesilo,,,29/09/2026 06:50
01fbec92-4335-4064-ab9f-35284717bebc,gold.yachts,premium,2600,2600,high,medium,4,namecheap,,,22/09/2026 03:56
1ba1023d-5b10-4398-a2c1-72279acaf3f9,dig.art,premium,291.2,83.3,high,low,3,namesilo,,,24/09/2026 23:51
ad7c7ae5-8438-4c3b-b9a3-e9bf43394f28,mineral.eco,premium,1950,74.75,high,low,7,namecheap,,,08/09/2026 16:39
587845c8-b02d-462b-bf4c-7edb02eeeb16,mine.date,premium,384,53.92,high,low,4,namesilo,,,25/09/2026 09:26
2e7b89e3-678f-46f5-a436-c3bb4974bdd1,gold.bet,resell,,,high,medium,4,"NameCheap, Inc.",01/06/2026 15:15,01/06/2027 15:15,26/09/2026 06:25
0faa7b2e-82ab-4cb3-8c3d-e3a1aa7f6c66,gold.dog,premium,512,512,high,medium,4,namesilo,,,22/09/2026 03:56
c2bd1805-9638-4d15-aaee-e122f9890ce7,quarry.finance,available,20,,high,low,6,unstoppable,,,29/09/2026 12:13
2c110317-1344-40e7-b8e8-72818735b69a,coal.gay,available,2.99,59.99,high,low,4,godaddy,,,28/09/2026 01:38
b936ebfa-6cd8-45aa-ac3d-a52470014209,ore.surf,premium,,,high,low,3,,,,30/09/2026 02:25
d35e6e89-a6ab-4857-8727-6d712da3212d,extraction.talk,premium,66,66,high,low,10,dynadot,,,29/09/2026 06:50
e82c14c6-63ca-4179-afe7-b676800d7dcb,coal.golf,available,6.41,51.95,high,low,4,spaceship,,,28/09/2026 01:38
2ae4adbb-4c90-4bdd-8f87-18fa47ee9c8b,coal.ninja,available,10.55,25.04,high,low,4,spaceship,,,28/09/2026 01:38
f9c59189-ea49-4f17-807b-6bd9f640d32d,ore.promo,available,10.55,19.87,high,low,3,spaceship,,,30/09/2026 02:25
80231656-1937-46ce-84dc-8979ecbc4abf,drilling.luxe,available,27.99,27.99,high,low,8,name.com,,,10/08/2026 20:06
bf544134-78c0-4413-8281-ebd36558389b,dig.guru,premium,854,854,high,low,3,namesilo,,,24/09/2026 23:51
e9914de2-c589-45e5-b77a-0462d98ebfdd,excavation.esq,available,25.98,29.98,high,low,10,namecheap,,,20/09/2026 01:55
9423fb34-2dd2-4219-9b30-496f31196ac0,dig.tours,available,10.99,61.99,high,low,3,namesilo,,,24/09/2026 23:51
f473ea86-86a7-4c53-85d2-8bb37769bd39,ore.voyage,available,61.98,73.98,high,low,3,namecheap,,,30/09/2026 02:25
8b22a405-d7c5-4207-89ad-86429482f689,coal.report,available,6.69,20.08,high,low,4,porkbun,,,28/09/2026 01:38
3d1af48e-c16e-4253-a79c-b2fb1bd1213a,excavation.shoes,available,64.99,64.99,high,low,10,namesilo,,,20/09/2026 01:55
c6074b98-905e-4174-ab05-3935c2711940,element.dental,available,81.98,100.98,high,low,7,namecheap,,,23/09/2026 21:07
dfb72b6c-c633-4267-8348-a0923ecb4737,miner.claims,available,17.99,64.99,high,low,5,namesilo,,,29/09/2026 19:40